5d0b7190-59b7-4322-86cb-0f7a809bfe8c,96f87cff-4ae8-4e82-81c3-288a03410d0c,z@uwaterloo.ca
51ed673f-47c0-4fd8-aa9f-8651f784c594,9f884f97-4654-4e88-81f8-c622a888fee1,NGTcOwUWL@uwaterloo.ca
b501bb98-b178-4001-b406-fc0d27ae07c5,9a1b0274-49d3-433d-9ca6-58d22a776dd6,WYiBODF@uwaterloo.ca
bf5f6b7f-ec0d-49c3-b3a0-52274faf12b9,ca14e47a-855d-4cb7-a29e-cc3859d534de,e@uwaterloo.ca
d5147511-0b98-4a3b-99a4-686140e12815,c73063ef-86b0-4745-b5f0-3ff6abde301e,HXRe@uwaterloo.ca
34a35e47-1929-4cb8-a3ed-18c2d59bb2fa,4f474504-dfda-4091-a1f9-a63e261860c6,FKSdtEO@uwaterloo.ca
853bfee9-5616-429d-b659-33569a62fa83,e92b1e9d-701c-43cc-83e9-190ee14c54e8,ewKkPnT@uwaterloo.ca
08e49777-7664-4b72-ba45-5503897a3964,53352e35-15e5-4a96-ada6-010ea85eafec,kCTF@uwaterloo.ca
ba42c80f-5053-43bc-b91e-5a125cdd7a02,0b8f79cd-dd8f-49e6-a53c-cd44833cef18,AntFerXZCDI@uwaterloo.ca
a840369a-543c-4373-88c0-686a87ef7ca2,446d7593-1afe-4706-ae19-f4f2456788b8,OeWGOWgDc@uwaterloo.ca
30ab48da-d92f-4243-a1dc-ea794a4fc22c,57d43e90-83fb-4fb3-b727-679a689b9bdc,oFymboewZ@uwaterloo.ca
d2a990dd-ce76-40a8-8224-30485a296c93,9f884f97-4654-4e88-81f8-c622a888fee1,fgzrVnQzTlJX@uwaterloo.ca
bd228313-5a8d-4b9c-8920-6b6b47ba2ff3,7215d12b-66af-42f0-a43f-5c551867bc89,YtesyrSp@uwaterloo.ca
268dc045-2e2e-49e9-9e5d-7926d7c5dda8,28f87884-6ac1-48e8-82a4-f86353940c1f,cQQMEnFhVIHH@uwaterloo.ca
00d86fe5-091d-4831-9f34-5f985ab55590,8c593165-f01f-447b-8659-14b87822853e,cQQMEnFhVIHH@uwaterloo.ca
b2df9578-bea0-42c2-9628-dcbe5c5aa90e,8d2c51aa-c577-488f-b5b0-86bde7912666,Ruq@uwaterloo.ca
a73207a4-9fb8-4154-9d20-33e86cda0f31,09cc9129-e19d-4979-940c-b794485c0a54,gNYkJqXgtgD@uwaterloo.ca
d7b91865-6584-46f8-a757-06f59cb077c3,6e5be103-9d2f-4fab-b41d-63cd5e7bb65a,NGTcOwUWL@uwaterloo.ca
7b936556-f1b3-4e32-8e8e-c25495e96abe,c73c6864-82ac-43f9-84d2-fcabd511e66e,PXGf@uwaterloo.ca
aefaccec-74d1-4074-b288-ddbd0fe49a73,9a1b0274-49d3-433d-9ca6-58d22a776dd6,cQQMEnFhVIHH@uwaterloo.ca
7e08658b-8fc2-4c57-a3d6-4d20b3d0116b,4d664706-fc80-4f8c-83b7-4ee8ecb72a2b,iVbcQ@uwaterloo.ca
d51db498-577b-426d-832f-ffb9fa3ba6cb,e63d551a-d516-4dfc-8336-f51028af8e32,DKYaCSczrSnx@uwaterloo.ca
fb7d6ee8-69f3-4da9-918f-daa0864d9ab9,fc114d1c-c4e2-4396-b0e4-b96e1bcd4f8f,NGTcOwUWL@uwaterloo.ca
c0637fc9-d3f8-40fc-8bdb-6bc79663be9a,d355e766-8394-4f5f-b720-9976af856525,s@uwaterloo.ca
28531508-850f-4a69-a31c-6300f64c9b37,774f4168-23bb-4751-862b-f10ecd3afa83,tIH@uwaterloo.ca
71ac0c76-373e-40cd-b91a-48f23136ce1a,cdf50e21-ddb5-4d4e-b8f0-c8d5e3e20387,GUjioWLr@uwaterloo.ca
655682f5-0c2f-43aa-8b09-6bc38442c776,204485ff-8ffb-4f56-9514-0f142e36e8b7,dXIHY@uwaterloo.ca
b67c8676-7c82-4a99-8920-9764ad44904a,ba72bfc3-2b8f-499f-9bf5-315d9ae95156,QLUonoSCbek@uwaterloo.ca
b62e94c9-0e7f-4f96-8881-fcc02266428f,53e02292-c468-4990-a7c0-6831549d69ea,ewKkPnT@uwaterloo.ca
f97a3777-00e0-4fde-979f-9520ae7f16c0,dbba06de-606a-488a-ae36-c338f0eeb6ec,QthK@uwaterloo.ca
f2560518-cfad-4955-8b37-2882f2ecc88b,ee30b28b-c0f5-4be7-b3e2-14ca4829c5da,O@uwaterloo.ca
0b045c02-71df-4137-8929-3a1ef7bcea46,ce554392-e1d9-4bd3-8a54-3a48b2ac2917,RxWcT@uwaterloo.ca
c974a398-e675-4c62-bbaa-ed07e4059c72,ce8ad18e-6ef2-4d54-9a85-267214b2f3e7,nvsEQOwaPdwT@uwaterloo.ca
9e8b6443-150f-4d12-ad46-e05c88b8eab6,774f4168-23bb-4751-862b-f10ecd3afa83,z@uwaterloo.ca
759ce004-d3fe-443e-9eac-c3bdb63891e6,115c76a6-904f-415e-af2f-fb4be24c6e96,HXRe@uwaterloo.ca
5f5ef575-ab13-4abe-ac4a-293575570242,9caace19-4f42-4664-ae94-839e1decdb38,y@uwaterloo.ca
e2b594fc-a25c-48ee-a821-0fc812a4ed61,f363d44d-241a-43a4-92c6-b79ca2688c82,dxgFsNBZhI@uwaterloo.ca
8c6487c9-89a1-4918-b822-19667e5821c3,aecfeefa-f10f-47bf-9fb2-382bca080a96,tyONLIUobdy@uwaterloo.ca
34f0e4f4-bfcf-4873-a505-53bca97bbfdf,3d69c2c9-48cb-41a8-abd6-3e4992ed4d03,jYDyMwQ@uwaterloo.ca
e516b82e-c65d-4327-8543-2c2031f4c998,1828aa45-1b28-418e-a2a3-8c9e0974a318,HV@uwaterloo.ca
6c882a19-6088-4251-b86e-47ab3964fa80,f2ab5dfc-c1e0-46f8-b9e8-fee960e851bd,wHapEkpw@uwaterloo.ca
235cd8c7-08b7-479c-bb33-83d72a5e3726,095d49da-0b5d-444b-9912-a97ac262a0a8,CJGJhu@uwaterloo.ca
4e2487cf-0b38-476a-be77-eae75fb7d95c,4fc5af9e-75f3-4b5d-a885-1c4f45ed95a7,HV@uwaterloo.ca
8cdaec04-edbc-4d98-bdec-acc776e327b8,96f87cff-4ae8-4e82-81c3-288a03410d0c,O@uwaterloo.ca
c9b82e76-f15c-455d-abf6-4e1072cde2cf,3d7351e9-b686-4de4-9ca7-109211e2792f,NGTcOwUWL@uwaterloo.ca
ae5023d6-4025-4539-804f-0aa886c334e2,a83eb8bd-86d0-4d24-bc55-99ac066fb2e6,YtesyrSp@uwaterloo.ca
7edb2925-f3a8-4a24-94ad-4d1cf7a714f0,1f26e8c7-5600-4846-8331-8108d2916fb4,Et@uwaterloo.ca
f4e95033-469c-4de9-ab33-b04bcbd74a97,38eba974-bf90-486c-8519-5be0148e2423,ugRLoSo@uwaterloo.ca
936f5dbc-cabc-49ed-927b-f52e5fb55815,2ebffa7e-7ab7-4a49-8d1e-745ac50ca3a2,ufACCZORgrDu@uwaterloo.ca
4b087a94-c809-4d64-96f5-79231abbdf03,2524ff46-d7c5-47ec-b355-5345cc9598b2,Bumoxj@uwaterloo.ca
9a5c085b-743b-4102-88e4-85f5235e6ca0,b680bc8c-d340-4f52-aa2b-9f8927da5b61,e@uwaterloo.ca
8a4a8f87-7b1a-4cd7-9450-42088b51849b,a03b37f8-5e1a-4597-baa4-a137ee73d576,WrBRYpW@uwaterloo.ca
5ec187a1-f157-4bbb-b78d-6848160fbad8,e83788e6-c376-4ea2-a3f7-0166453a2031,cQQMEnFhVIHH@uwaterloo.ca
1b84a8d5-8985-4a7a-b142-ad1698c61d1a,867ed6ea-ee30-4ed6-a69f-25342ab27e50,FaenhywUIVjQ@uwaterloo.ca
ffd798f0-e6d5-40b1-b6a7-b90deaae05dd,1f26e8c7-5600-4846-8331-8108d2916fb4,dxgFsNBZhI@uwaterloo.ca
32889826-e271-47aa-b4ba-fa9ac8e57013,c73c6864-82ac-43f9-84d2-fcabd511e66e,s@uwaterloo.ca
bb5c015a-0e63-4f18-a52c-c3ab0a7603a6,d0d7c349-0685-485f-8b56-d8e70ebf6b67,NhM@uwaterloo.ca
e8ce108f-6a81-451e-907d-6c42066e8ffb,115c76a6-904f-415e-af2f-fb4be24c6e96,EDVuqBkaODQ@uwaterloo.ca
6f159d8f-ce94-4cb9-82ea-0dccb8b189d1,e212edd3-e9d5-420c-9cf7-f84c97ca5652,NGTcOwUWL@uwaterloo.ca
ae12dddb-8c0b-4d09-9c79-2f355803c344,f8cb1d6c-0d4f-46ec-969a-2e1d79f77731,BzH@uwaterloo.ca
93b8a468-1165-4cb2-92fd-a222eed38c7e,5a1ac6d7-e443-45ae-a644-8a6f8b125652,gDtW@uwaterloo.ca
e763b936-2867-4052-aba2-98a21ccd506e,4f8b88a8-793e-4127-9e5c-3dd37716bf86,O@uwaterloo.ca
e5646e73-2617-4287-a62a-c886512f5ada,a32b2830-b93f-4eea-b3d7-ef4e896e4fc3,NrChoPNnt@uwaterloo.ca
899c9d88-b2c2-45df-a4ee-dd58f778f5cc,2c97a137-bea0-46d6-b4a9-1c5cd11270de,HXRe@uwaterloo.ca
f0e47f65-ddb0-4aee-87ef-548a6014cb24,b37ad082-0b7b-4e34-9db8-97d53b3ccc1a,FaenhywUIVjQ@uwaterloo.ca
81400ff8-8e6e-4d94-841c-15d341f94678,ce554392-e1d9-4bd3-8a54-3a48b2ac2917,ewKkPnT@uwaterloo.ca
75872201-bcb6-43ad-9141-87b979f7238a,1e6fcf63-b55b-44f4-85a1-de0e09e87284,NGTcOwUWL@uwaterloo.ca
f043b17e-8b9b-4e7a-9985-bfbe038f932e,ce8ad18e-6ef2-4d54-9a85-267214b2f3e7,IwvgxmkVbBXO@uwaterloo.ca
2fb09ed6-56f1-48e0-96e0-b1d470a161f2,d624fc78-aa2e-43e6-9ca3-51d331a2694f,wibhgUTeIQlL@uwaterloo.ca
a9c2c641-a84b-4a9c-a457-c2a1ba8c5ceb,aba0c8a7-e939-4a49-82f4-e4c977e8cace,YEYleHzg@uwaterloo.ca
32e70745-0e92-4853-8ea2-0616e2dfdb4b,b680bc8c-d340-4f52-aa2b-9f8927da5b61,r@uwaterloo.ca
239cacfa-7e0a-4acf-baff-2240809ea668,6486f155-7422-4846-80c6-3c49fb634eeb,AntFerXZCDI@uwaterloo.ca
d2680928-d599-459e-a4d6-b3dba6fb5377,b9d95f44-8a32-4eb6-b4b6-28efb644fee4,QBQVrHJD@uwaterloo.ca
79300d41-f354-49a9-ab74-6fee9d6bcb86,4408f42f-7655-4897-840f-95e6ecb83896,tyONLIUobdy@uwaterloo.ca
6c97ea13-81ad-4ddf-9576-1e1b96c30531,b51a4f4e-ed1a-4285-b1a1-86ed88764ea5,ECGSDWuepErr@uwaterloo.ca
e6ab4b2a-e393-438a-9022-7032caad66f9,9f884f97-4654-4e88-81f8-c622a888fee1,ewKkPnT@uwaterloo.ca
b82d33a4-be2f-493a-93d5-ce5fed81fdce,c272fe6b-01bc-49bc-a957-0fc5d48225eb,HtTHptSAo@uwaterloo.ca
4040b1e7-e8e1-4544-b9bf-de861d7d1fd2,02d3ac78-8d92-4033-b1d8-77d75aec9721,HV@uwaterloo.ca
0efd9f66-3e3f-41a8-a589-163358e77029,8d2c51aa-c577-488f-b5b0-86bde7912666,rYLQgKhlgFo@uwaterloo.ca
bf37a00a-6db8-4db5-b32b-4ccec6fe6578,a6ec2ccc-0439-4fb1-8d1e-8105bb9a66f5,r@uwaterloo.ca
170c07eb-4b6a-4f98-bf23-2930253e62d6,1690eb9c-a40f-47dd-9ca2-ab000f5fb561,Bumoxj@uwaterloo.ca
70e4093d-1045-4f85-87bc-9fb1ba5ccead,821ea7e3-6c07-426b-b6f6-1a8415ed63cd,PMiZLzfpGvhK@uwaterloo.ca
3b9e16ef-57f9-4082-9937-c11bb67df34e,99d72a2d-e4b4-4230-a6e0-01ef472c4a82,ZWoTBky@uwaterloo.ca
bbc6b267-c2c7-4296-a7a5-9dbacb7b0071,2d81cad7-8856-478e-bba9-e3095adeef20,Ruq@uwaterloo.ca
e5a06364-ecbe-41e4-86db-097a4664117d,6920305c-c35e-40d1-8ba1-36b648fa7b2b,TkwInAkqIWU@uwaterloo.ca
884548d3-8cdb-41c2-9935-81875fc6efb1,4f474504-dfda-4091-a1f9-a63e261860c6,PXGf@uwaterloo.ca
d57c0c25-c7e9-4170-8155-c10e744ff86a,64a215e1-7161-4907-996a-01ad33b48574,hHjxTyByl@uwaterloo.ca
1838def3-b13f-4ab9-913a-a4602ff91392,a3aebf6a-787d-4b7c-8077-848cd69a6091,kqUCpCZPHPK@uwaterloo.ca
108c35a1-5c62-4fab-ada2-4152159fd1d4,1e74ccaa-577b-4cc8-aeec-8f3bb58b0042,ufACCZORgrDu@uwaterloo.ca
509c0270-64cc-47f6-9b6f-9f15cef6f859,2c5b4a6d-4854-4368-b231-3eebbaf8d56f,jYDyMwQ@uwaterloo.ca
89463945-db2d-4911-8f5b-53368eafd00b,2c82441a-95ae-4044-8f60-c1af1d741655,Bumoxj@uwaterloo.ca
3b0df6b7-2072-4af4-b1d6-5a0492356dbd,08302d4b-d895-42ca-a2f1-bf5bcbd1d385,r@uwaterloo.ca
02e58253-272b-49e2-98fb-0ed4e817a606,b9d95f44-8a32-4eb6-b4b6-28efb644fee4,QYQcVHkVH@uwaterloo.ca
ffb32206-c267-4d4a-a9d1-bbd44cac4ede,fe0967f0-22af-40d5-b7d5-1939953599c3,gNYkJqXgtgD@uwaterloo.ca
019fd7f8-b108-4018-beef-09afcb86163f,9a63cf3f-0f96-42d7-86a0-c66e0df9086a,rYLQgKhlgFo@uwaterloo.ca
607cbcf8-e3ad-4f0d-8524-5364e1c4a887,e212edd3-e9d5-420c-9cf7-f84c97ca5652,z@uwaterloo.ca
72c8842a-7183-4aea-a9b4-6bdb681981b2,2d81cad7-8856-478e-bba9-e3095adeef20,QBQVrHJD@uwaterloo.ca
51fa5edf-6158-4e2c-8d4d-301e24ad24c3,d624fc78-aa2e-43e6-9ca3-51d331a2694f,QpuwdOm@uwaterloo.ca
7f16ba61-cb56-4136-8d43-bf10bd244a22,095d49da-0b5d-444b-9912-a97ac262a0a8,AntFerXZCDI@uwaterloo.ca
3a22c3a9-322b-4483-a165-b1055d856512,9caace19-4f42-4664-ae94-839e1decdb38,jeXyBlJhqTqh@uwaterloo.ca
9c20960b-8e8c-4a0d-b876-a73479d44498,db690a12-84ab-499a-947e-6624cd6ebdc9,NGTcOwUWL@uwaterloo.ca
8ea020df-88e8-4f0a-b357-c405a8ac9da6,2524ff46-d7c5-47ec-b355-5345cc9598b2,dmGRhEfuIJ@uwaterloo.ca
b9f34bc6-96f4-4a08-ac01-1c723f8bcbb7,735b3c81-1c45-4be9-a733-cbe4cba1aa7d,AlCs@uwaterloo.ca
6e2f870e-ebd0-4897-85d8-0f4783b30c47,f5cf9a25-ac6d-4577-ad8a-46fbc1b5600c,iVbcQ@uwaterloo.ca
b89bcf89-be59-4036-bdda-1a25adf931bf,1e6fcf63-b55b-44f4-85a1-de0e09e87284,wHapEkpw@uwaterloo.ca
44e527a4-5600-4dcc-89dd-ac585e35c6af,cf70e944-ab22-43af-9081-6b47f0e37e86,WeaqtMRy@uwaterloo.ca
db982249-e622-45a1-9977-ebd962e715bf,2c82441a-95ae-4044-8f60-c1af1d741655,FaenhywUIVjQ@uwaterloo.ca
302d1cf6-5544-4e6c-986e-8ab8a2f8bf1f,821ea7e3-6c07-426b-b6f6-1a8415ed63cd,dmGRhEfuIJ@uwaterloo.ca
966801c2-c29b-4c0b-8755-27984f3bf1e7,04e93c51-d2f0-4297-bb56-4560417ab638,J@uwaterloo.ca
bdf954d5-5137-46ea-a4e6-a15ee5c2f127,e1e7153d-0989-493e-9aa7-6b9e64759010,RxWcT@uwaterloo.ca
1ad1b0a8-089c-428d-a2e2-091e38d1d652,9f87bb83-aadd-493b-a3ae-a0ec90454383,Et@uwaterloo.ca
674b6819-78a8-4454-84ad-26a881ee06bb,aba0c8a7-e939-4a49-82f4-e4c977e8cace,FjFaHIrmTYh@uwaterloo.ca
a011e54b-7cbe-49b9-ba49-7694f97989f0,f2ab5dfc-c1e0-46f8-b9e8-fee960e851bd,iVbcQ@uwaterloo.ca
b1524578-9430-4d88-af6f-9ee4b43a7f21,f363d44d-241a-43a4-92c6-b79ca2688c82,QBQVrHJD@uwaterloo.ca
69789130-263c-45a6-995d-d5e50dd57eac,b7bc51f4-6a41-4d40-b2e0-05e272188fe5,nJJH@uwaterloo.ca
a880a08e-14f8-4909-ae60-68225ae45f71,2f4f1ce9-8d32-4f2f-a473-a914691b3a05,o@uwaterloo.ca
7dac1f5b-24ba-4877-bcd1-1863747451ca,8cc718f3-51b6-4e45-86b1-425fdb9012e0,y@uwaterloo.ca
08a79abb-661f-4178-9ec4-731bac84ab9c,f8cb1d6c-0d4f-46ec-969a-2e1d79f77731,dmGRhEfuIJ@uwaterloo.ca
2ed48094-6c57-4ce0-ae53-762b66093bb0,464ac62e-fd7d-4fde-a46a-349057cd7d98,psklN@uwaterloo.ca
fd3bfc9b-3071-4a06-8a40-6dd1905135a8,cf70e944-ab22-43af-9081-6b47f0e37e86,WYiBODF@uwaterloo.ca
45c8cdfa-9003-4a26-8b55-ec0f50cfa0cd,8cc718f3-51b6-4e45-86b1-425fdb9012e0,dxgFsNBZhI@uwaterloo.ca
714452a9-815a-48f7-8486-1a8901be01a5,5e9b56a6-870d-4291-9138-b95e7aadf241,ugRLoSo@uwaterloo.ca
7be8bfbb-8f2b-421d-8ed8-2f2b93d015cf,dbba06de-606a-488a-ae36-c338f0eeb6ec,bdDflxVtuJ@uwaterloo.ca
df22201c-716b-43f0-83eb-02ff78419ae8,2ac9662e-2e85-4072-8897-d0c99c542fed,wibhgUTeIQlL@uwaterloo.ca
06f55f2b-faec-44ec-89a4-e6155501e141,604f9404-a491-4c78-a51e-66bd9504b8c4,d@uwaterloo.ca
f57869b7-608f-4a88-8acb-d3f2ab44ae6c,63de0cad-f67a-415b-b2dc-84ec6f517a3b,ySfiKL@uwaterloo.ca
d020f172-53f2-4c69-a8dc-a9d855ee8797,d4df9738-8be8-4e9a-826d-8ea34c6d403b,enZLYDQPYLyl@uwaterloo.ca
a8a7e88f-3fa5-4643-8824-61fd7b43ba83,22d1e1a7-6cdf-4e84-9a7b-2e39ead6c46a,WrBRYpW@uwaterloo.ca
8a01582b-1890-4b20-a4ed-8b3ec6c18048,c9558bf3-eb91-466d-9629-28041840fcaf,PMiZLzfpGvhK@uwaterloo.ca
e95b53cc-b2c2-466b-a2b9-e3858d54d35d,ce8ad18e-6ef2-4d54-9a85-267214b2f3e7,HtTHptSAo@uwaterloo.ca
52b33b89-ad1c-4809-9e1e-8e2951fef500,38eba974-bf90-486c-8519-5be0148e2423,Ruq@uwaterloo.ca
e835385b-e7ab-4c75-95ee-8b0b6af6f67b,3c91004f-2ceb-4645-906e-666f1eee16b9,BzH@uwaterloo.ca
a31a37b1-2eb0-42d3-ad5e-c4401dcf0eac,a83eb8bd-86d0-4d24-bc55-99ac066fb2e6,jeXyBlJhqTqh@uwaterloo.ca
a2166556-bedf-43e5-8244-5d1c707d4ce9,6d8886cc-fa74-4c27-b3ab-bc86724751b7,KwRwo@uwaterloo.ca
93429806-8b47-4457-b7fb-63aa862189e0,ae94be95-ef70-4cee-9125-55dbbb84c340,jYDyMwQ@uwaterloo.ca
2b739318-13b5-4e1f-8192-0f36ce2fb72a,0b8f79cd-dd8f-49e6-a53c-cd44833cef18,woNSsMSQ@uwaterloo.ca
90d78c99-4e1e-4b72-b3dc-c241d071e560,5a1ac6d7-e443-45ae-a644-8a6f8b125652,rYLQgKhlgFo@uwaterloo.ca
b11ad1de-290c-4b4b-a44e-25d993008150,fe0967f0-22af-40d5-b7d5-1939953599c3,AntFerXZCDI@uwaterloo.ca
4854c7a1-298f-4f88-bedb-9a9542b9c3ac,9a63cf3f-0f96-42d7-86a0-c66e0df9086a,o@uwaterloo.ca
a2588b5e-5e70-40f8-8c98-8dc3e2726bda,157aaa3d-2b93-4f8c-ad2f-49a25aea140b,FKSdtEO@uwaterloo.ca
cb3d7cff-d3b7-442d-842e-12a346330d87,8c593165-f01f-447b-8659-14b87822853e,nJJH@uwaterloo.ca
6703255d-7107-406e-ac68-25e7f3d54422,dc0ebf8a-5b15-423b-87e2-8d587a415d19,AntFerXZCDI@uwaterloo.ca
b31ba9b6-061d-4b5f-8e91-b2213b143e15,e212edd3-e9d5-420c-9cf7-f84c97ca5652,bdDflxVtuJ@uwaterloo.ca
fb3ead13-908d-4003-9d0f-464fcf8b4acf,564f713c-85c7-459f-bbbe-165699950848,IwvgxmkVbBXO@uwaterloo.ca
3226d10d-2602-44e9-b793-f9639e35d853,9a63cf3f-0f96-42d7-86a0-c66e0df9086a,KwRwo@uwaterloo.ca
9e5a0414-1587-462d-8cdb-85f99220ab32,54ad8c03-2c88-4b01-95ae-b069beb6995e,woNSsMSQ@uwaterloo.ca
bdd1c07d-589d-4cde-b59a-6e11dadd51fc,a700574a-a761-432a-a3e4-20b900258fb0,fgzrVnQzTlJX@uwaterloo.ca
1ecb27e0-08d9-4b43-9267-665df3f91f10,ce554392-e1d9-4bd3-8a54-3a48b2ac2917,ACpTzZqmSkn@uwaterloo.ca
624e0334-9c2b-4b25-8744-b320c785732b,96f87cff-4ae8-4e82-81c3-288a03410d0c,fgzrVnQzTlJX@uwaterloo.ca
d14aa4d0-7479-42fb-9988-d4577f6a862d,22d1e1a7-6cdf-4e84-9a7b-2e39ead6c46a,Ruq@uwaterloo.ca
240f9704-94e2-4752-90c1-81c618f6b48a,1828aa45-1b28-418e-a2a3-8c9e0974a318,O@uwaterloo.ca
a1f29160-2501-4c8f-a555-e80d4bf837f3,3d69c2c9-48cb-41a8-abd6-3e4992ed4d03,dXIHY@uwaterloo.ca
6d33ccbb-8fe9-463e-a043-541cb353093f,f963c7c6-93c8-4f3c-ae4b-0c6e4943bd30,nvsEQOwaPdwT@uwaterloo.ca
30eaa0a8-09da-4423-9477-2dc9ea7fd767,9f87bb83-aadd-493b-a3ae-a0ec90454383,e@uwaterloo.ca
1d24cecf-ae18-41f0-86ca-334dd0ecb4ab,93f9f3c1-3e5e-45e5-bb3f-fb7d16bb9005,gNYkJqXgtgD@uwaterloo.ca
414eece7-230c-451a-bbb8-9e17888d9268,2f4f1ce9-8d32-4f2f-a473-a914691b3a05,J@uwaterloo.ca
190f8df7-df48-4abc-8f23-423296488847,4d664706-fc80-4f8c-83b7-4ee8ecb72a2b,z@uwaterloo.ca
fdd9d5a4-78a8-4311-81e6-52583d73b736,53e02292-c468-4990-a7c0-6831549d69ea,gDtW@uwaterloo.ca
85c9992d-e3fd-4760-b6e1-2533c4bbe913,446d7593-1afe-4706-ae19-f4f2456788b8,F@uwaterloo.ca
afc4e119-7382-4b0b-a4aa-1c7ae149882f,d0d7c349-0685-485f-8b56-d8e70ebf6b67,oFymboewZ@uwaterloo.ca
c81fefbe-5110-4132-8465-721af05dd267,865123be-9c67-4129-9329-d6cd30a786eb,NhM@uwaterloo.ca
66b0f982-34e2-4669-8c65-fe1446e78994,08302d4b-d895-42ca-a2f1-bf5bcbd1d385,rYLQgKhlgFo@uwaterloo.ca
2905d498-a584-47f7-9a67-67602924af61,6d8886cc-fa74-4c27-b3ab-bc86724751b7,fgzrVnQzTlJX@uwaterloo.ca
ed7a6231-1d92-4e85-babc-047b6bf0dcc4,a03b37f8-5e1a-4597-baa4-a137ee73d576,CdUobPOw@uwaterloo.ca
acede115-2cc0-4a6f-a022-0425dd0bdc6f,a03b37f8-5e1a-4597-baa4-a137ee73d576,iVbcQ@uwaterloo.ca
bf5a4016-85c7-4a80-8300-68b506bedb12,774f4168-23bb-4751-862b-f10ecd3afa83,CJGJhu@uwaterloo.ca
ff1ea141-a92b-4188-a867-ff740d455852,477425f5-6e19-4c25-8d9b-0d2fb6a77226,fgzrVnQzTlJX@uwaterloo.ca
c3aa0553-94ef-441c-a438-deee23ae02ee,4fc5af9e-75f3-4b5d-a885-1c4f45ed95a7,ECGSDWuepErr@uwaterloo.ca
f13801f3-6bcb-4c32-8993-6a9238d2072f,604f9404-a491-4c78-a51e-66bd9504b8c4,NrChoPNnt@uwaterloo.ca
603939dd-3c81-4406-94cc-0559535d254d,329c98ce-e96b-4a3e-b8f2-edc8261f2eac,HtTHptSAo@uwaterloo.ca
0fe07b33-cb3f-453b-904c-b7317e3e575c,1f26e8c7-5600-4846-8331-8108d2916fb4,psklN@uwaterloo.ca
ccc8b2a1-8c1b-46a4-9848-e5b47ae05194,dbba06de-606a-488a-ae36-c338f0eeb6ec,jeXyBlJhqTqh@uwaterloo.ca
e54fa4fd-8bba-42e5-93e2-a73200b2c182,37ee74e6-db3b-4643-9288-667fb52512b5,QLUonoSCbek@uwaterloo.ca
aab4b941-03d3-48f1-9419-76662b658976,865123be-9c67-4129-9329-d6cd30a786eb,r@uwaterloo.ca
56ec224d-dc8a-4bfd-8c34-1d817ac1a789,b2a2e38d-80bf-416a-9784-f19b0f3e1e3f,BzH@uwaterloo.ca
4586d215-d3f7-4bf5-a40f-eac37fe5d5f2,f8cb1d6c-0d4f-46ec-969a-2e1d79f77731,TLsiWPSriSaB@uwaterloo.ca
9a4b1c60-c176-42fa-a134-70585ed6e623,2c82441a-95ae-4044-8f60-c1af1d741655,TLsiWPSriSaB@uwaterloo.ca
48283af7-c703-469b-8813-918e08a9bdfa,09cc9129-e19d-4979-940c-b794485c0a54,hfPR@uwaterloo.ca
ff0b5ce5-f2e0-47ae-a3c9-378e4e829c6a,3d7351e9-b686-4de4-9ca7-109211e2792f,FaenhywUIVjQ@uwaterloo.ca
86323573-5660-4241-9abd-b8f916515434,8c593165-f01f-447b-8659-14b87822853e,gNYkJqXgtgD@uwaterloo.ca
37c569c0-65f0-4a7f-82ba-a24a56e89e0e,155c7b7d-d804-40b9-8573-48d156c9b9c3,HXRe@uwaterloo.ca
c2ff7394-4cb3-40c8-b70e-08cf5500357c,8c593165-f01f-447b-8659-14b87822853e,TLsiWPSriSaB@uwaterloo.ca
afc8fe6d-bcc5-4776-ae2d-f91865fe6cae,d624fc78-aa2e-43e6-9ca3-51d331a2694f,rYLQgKhlgFo@uwaterloo.ca
2b12e40d-388f-4949-ad1f-cd2846389476,5a1ac6d7-e443-45ae-a644-8a6f8b125652,bdDflxVtuJ@uwaterloo.ca
64ee3db7-80a9-43f7-a332-bdf5b479e786,f963c7c6-93c8-4f3c-ae4b-0c6e4943bd30,KFqt@uwaterloo.ca
5b8d5f1d-6894-49ee-8047-dd34e4b44f23,efda82a4-4aeb-4397-8338-8fd37f124f4b,r@uwaterloo.ca
98183643-61ff-467e-aa5f-16593ec3259f,3d7351e9-b686-4de4-9ca7-109211e2792f,DKYaCSczrSnx@uwaterloo.ca
94a2f4ab-35dc-42c4-bd9d-94fc478b7076,8d2c51aa-c577-488f-b5b0-86bde7912666,ySfiKL@uwaterloo.ca
4a440f56-7bf8-462e-a8f5-aaab60a9b430,0d6de849-701d-408d-91bd-2897f0dc8181,jYDyMwQ@uwaterloo.ca
a13b1359-e02f-4e95-9e4c-6d6317baf0a2,0201c93a-89c3-4c59-b7fb-b76c49e0c924,dUItme@uwaterloo.ca
9da365d5-fc05-4860-b49f-d4a1dfdbe0c5,0d6de849-701d-408d-91bd-2897f0dc8181,PMiZLzfpGvhK@uwaterloo.ca
6e513326-258f-4918-a304-1378b411e2ba,d0d7c349-0685-485f-8b56-d8e70ebf6b67,dmGRhEfuIJ@uwaterloo.ca
e97d0495-251d-4ac3-82ad-75fb878b3419,c081fdbb-b8fa-44ed-810c-38a826f79974,nJJH@uwaterloo.ca
970bbfac-6fba-42d6-ab5a-f85ccc5ecbe2,27967907-7e9b-4b2a-b7fe-5ffcbdfe927c,IwvgxmkVbBXO@uwaterloo.ca
43ebb1d0-a445-47cb-97f9-362cfdf145da,d35c1054-d2df-4917-98d7-82a2d0144101,tIH@uwaterloo.ca
9d93b45e-7ccf-4226-88c9-12a968fd57ac,768d714d-8ec3-456c-852c-bc5eb89da664,e@uwaterloo.ca
88e8cbcd-9cab-4034-8a28-2b2aeffc18fc,2d81cad7-8856-478e-bba9-e3095adeef20,dUItme@uwaterloo.ca
1dd0cdcd-8c9a-46cf-a528-2c1b6edbc2ff,1f26e8c7-5600-4846-8331-8108d2916fb4,QpuwdOm@uwaterloo.ca
f1555ca1-66c8-4dcb-9682-58d77cb06ceb,f363d44d-241a-43a4-92c6-b79ca2688c82,WeaqtMRy@uwaterloo.ca
397f91ed-cf27-48d4-ba00-fc452bced832,867ed6ea-ee30-4ed6-a69f-25342ab27e50,hHjxTyByl@uwaterloo.ca
87c63111-1845-46d0-80b1-75dfa46c9a7a,735b3c81-1c45-4be9-a733-cbe4cba1aa7d,d@uwaterloo.ca
97502445-0437-4102-b8ca-d1f0302a9edc,b680bc8c-d340-4f52-aa2b-9f8927da5b61,hHjxTyByl@uwaterloo.ca
d5fbd555-11e4-4b2b-8c80-cb4cb1b06218,fc114d1c-c4e2-4396-b0e4-b96e1bcd4f8f,fgzrVnQzTlJX@uwaterloo.ca
d5587ff0-61b7-43d6-ae67-fba1573276d4,f3ab864e-cf87-4fb8-b4fd-657d8ba5fc63,dmGRhEfuIJ@uwaterloo.ca
45dd44d9-2124-43aa-8c4d-f4397218555e,1e6fcf63-b55b-44f4-85a1-de0e09e87284,wibhgUTeIQlL@uwaterloo.ca
fb850e27-292d-4937-b0a7-86ef80a4b526,204485ff-8ffb-4f56-9514-0f142e36e8b7,jeXyBlJhqTqh@uwaterloo.ca
2b5761b5-1ea7-4f6d-a9b1-17f43c239d7a,08302d4b-d895-42ca-a2f1-bf5bcbd1d385,oFymboewZ@uwaterloo.ca
9dc10a70-37f9-40d4-a66e-e91422e5b7f1,0888ac68-c330-49cc-94f3-c6dd79d8323b,F@uwaterloo.ca
a4771e05-f750-43e3-93db-29bf00fe79b7,f963c7c6-93c8-4f3c-ae4b-0c6e4943bd30,tIH@uwaterloo.ca
71b5024c-fd54-4639-bee3-72f2bf79fc9e,83d60a2b-fb05-4c4b-8cbf-38e9674c7ebc,KFqt@uwaterloo.ca
ac6baa9b-914b-4be1-a9bf-8a9c949f8488,cbd8ec3a-e35d-4ce5-aad8-5b895ed6a1ee,NhM@uwaterloo.ca
0ebc0d4f-90df-458e-8478-0ddcddd6a269,ac87e283-3b31-4a0d-abb2-8af6c5e1d688,fgzrVnQzTlJX@uwaterloo.ca
5f2a16b5-2397-4eef-9a2a-c6ffb0b6eecc,a03b37f8-5e1a-4597-baa4-a137ee73d576,EH@uwaterloo.ca
7159a1fc-fb4f-4912-86f1-f97362759564,29e16a5b-8c88-48ca-8037-cfdb7acb528a,WrBRYpW@uwaterloo.ca
11a58c2d-8a0a-4073-b318-4160027dd28a,e2a05702-4763-4ed6-a2b1-25cd2472dcda,QthK@uwaterloo.ca
8451281a-308e-4ec5-9160-de7a7f4600fc,1db322fb-8a4d-4cf7-a23a-f6b9caec6faf,dUItme@uwaterloo.ca
2a61f316-cf07-4fa5-9fa9-b1c8368724fe,514e225d-b7aa-43b4-99eb-1a8a51755ded,Et@uwaterloo.ca
31b2f59b-d3a9-40b0-bba4-8777763cd20f,2f4f1ce9-8d32-4f2f-a473-a914691b3a05,jeXyBlJhqTqh@uwaterloo.ca
1f11b9d1-331b-4b25-b372-145e677146ad,0b8f79cd-dd8f-49e6-a53c-cd44833cef18,dmGRhEfuIJ@uwaterloo.ca
92681b43-5e8e-4fb3-863e-078075cfba88,d4c9396d-6c11-4e39-8ba3-88066e8d2dd8,gGuTNCvNEn@uwaterloo.ca
1413e856-338f-4763-8dbf-8b26bc1c931b,73ad6992-8cbf-41c9-81d5-afdd83f30a7c,YtesyrSp@uwaterloo.ca
34b9c42e-c44f-47a1-b99b-dacf2e5a41d0,db690a12-84ab-499a-947e-6624cd6ebdc9,ZWoTBky@uwaterloo.ca
175af5ef-277d-4eae-b7a8-c9aafff254fa,df04d744-f410-4f0f-ba02-de677a15a362,DKYaCSczrSnx@uwaterloo.ca
92c3e6ab-4cd4-4fa4-b046-9a036960687a,768d714d-8ec3-456c-852c-bc5eb89da664,ugRLoSo@uwaterloo.ca
1cab2ceb-d104-4309-9a7c-9b5e44ea71c5,f363d44d-241a-43a4-92c6-b79ca2688c82,CJGJhu@uwaterloo.ca
3d4a2817-4464-400c-b572-d339a780bda9,aecfeefa-f10f-47bf-9fb2-382bca080a96,NrChoPNnt@uwaterloo.ca
d9f1313b-9241-4894-a21b-4e700e8dbf6a,f8cb1d6c-0d4f-46ec-969a-2e1d79f77731,dXIHY@uwaterloo.ca
a9e7774e-03e9-4002-baef-76f6bbd0b71a,933fe805-be33-4676-92c8-eb7cc52c08de,FiUmsL@uwaterloo.ca
4218f01f-a7a0-47b5-b17b-5c3b4ff03958,d5e4c57c-d0b8-4435-95c0-8be3146045e0,WYiBODF@uwaterloo.ca
cce494b0-4d88-4153-83f0-13365acd6856,c081fdbb-b8fa-44ed-810c-38a826f79974,AlCs@uwaterloo.ca
2e022c49-494a-4641-9ff0-bd6f45882bd5,f963c7c6-93c8-4f3c-ae4b-0c6e4943bd30,FiUmsL@uwaterloo.ca
163accc2-6409-49ee-8bb7-04367676fa5d,815549cf-cef9-4b8c-8bbf-3625d7fad1fe,NGTcOwUWL@uwaterloo.ca
3624bbfb-7a6a-45cc-8536-a4bd4add57af,b37ad082-0b7b-4e34-9db8-97d53b3ccc1a,hHjxTyByl@uwaterloo.ca
7e8f9fda-e1bc-45b7-ba24-c8ade0b85320,867ed6ea-ee30-4ed6-a69f-25342ab27e50,WrBRYpW@uwaterloo.ca
318e5911-a4e0-4100-bca2-9ee9b66c4672,27967907-7e9b-4b2a-b7fe-5ffcbdfe927c,TLsiWPSriSaB@uwaterloo.ca
e17a421a-34fb-4262-b8bb-06897c7a6243,c081fdbb-b8fa-44ed-810c-38a826f79974,TkwInAkqIWU@uwaterloo.ca
e8741380-84a7-4f47-9e97-333b81f3af7a,903da2b4-a4c9-471b-a7f8-36a6d3358e20,PXGf@uwaterloo.ca
31fc46d3-8f6c-4472-9d0e-abece00ce83b,1828aa45-1b28-418e-a2a3-8c9e0974a318,K@uwaterloo.ca
ce2340e2-1da1-4775-9242-4b662dcd36ea,44fea350-79bf-462c-8ebe-6221fe47e35a,FaenhywUIVjQ@uwaterloo.ca
d0dd1ca6-a0ed-4428-a0eb-5e43fb5857d8,a32b2830-b93f-4eea-b3d7-ef4e896e4fc3,oFymboewZ@uwaterloo.ca
44953af0-3981-429a-ad19-68f925134816,5632f0f7-9d02-4bbc-9d10-62508e60aae6,WrBRYpW@uwaterloo.ca
5cfff5ac-ebfa-49e7-98bd-2a63f5a982af,d35c1054-d2df-4917-98d7-82a2d0144101,l@uwaterloo.ca
4471a5ce-ae45-4c87-9d03-f3b2e3acdcc9,2a059961-03b9-4214-bf29-f7436f66b8b9,z@uwaterloo.ca
98096f18-b820-4751-85d2-4af37544a5d5,ef8c1daf-f905-45c0-8d60-7fa5221f1d11,FjFaHIrmTYh@uwaterloo.ca
5750452d-c8e8-4030-a2cc-4375ad7cc255,f963c7c6-93c8-4f3c-ae4b-0c6e4943bd30,gDtW@uwaterloo.ca
538ad937-6c83-41fd-a1d9-f6f1c538a40e,2a059961-03b9-4214-bf29-f7436f66b8b9,F@uwaterloo.ca
bb83c5f8-2d9a-41aa-912d-e452ba6fd8ad,56d440da-94be-44ae-bfd8-eb347612229f,O@uwaterloo.ca
fb68d849-d7cc-4394-a31b-d7cc14978fec,155c7b7d-d804-40b9-8573-48d156c9b9c3,FaenhywUIVjQ@uwaterloo.ca
5102e785-42ab-4919-a324-e71673514c8b,d35c1054-d2df-4917-98d7-82a2d0144101,YEYleHzg@uwaterloo.ca
66e736cb-9a8c-448f-bbf3-7eb920d11302,b680bc8c-d340-4f52-aa2b-9f8927da5b61,UzXWyu@uwaterloo.ca
e856b994-d92b-4091-be91-fec19e353687,1e74ccaa-577b-4cc8-aeec-8f3bb58b0042,XpGIIh@uwaterloo.ca
4a01856e-8410-4b90-84c0-4206d931be3f,dc0ebf8a-5b15-423b-87e2-8d587a415d19,BzH@uwaterloo.ca
f7d0c481-0c0f-44ac-ab4e-ca1194bb90b9,2f4f1ce9-8d32-4f2f-a473-a914691b3a05,o@uwaterloo.ca
98936e03-3aef-4bdd-8209-0ce0443f2015,a3aebf6a-787d-4b7c-8077-848cd69a6091,Ruq@uwaterloo.ca
fe59293c-1df6-4aae-90cb-597a030c30a6,9a1b0274-49d3-433d-9ca6-58d22a776dd6,jUyBsDG@uwaterloo.ca
9ea0c2c5-5440-4f2d-9acb-e9bd3756788e,9d4161c6-df38-43fc-a41c-0c035417208e,jUyBsDG@uwaterloo.ca
41a4881c-594c-4080-96e4-ca0009aaa7ef,e85bf762-01ed-41d5-9805-7081a846bb70,UzXWyu@uwaterloo.ca
bb59c461-6f4d-4332-bcbd-726bca897cf4,2524ff46-d7c5-47ec-b355-5345cc9598b2,ySfiKL@uwaterloo.ca
a4ad0fb9-1b86-48d9-8153-decd6b70633b,2c97a137-bea0-46d6-b4a9-1c5cd11270de,HV@uwaterloo.ca
4b78ee7a-6f07-49c4-a4c5-4b69c3f16914,4cf92991-10f7-4eee-b9d9-068c47900d7c,gNYkJqXgtgD@uwaterloo.ca
928eb27a-21f1-4175-ac0f-ce502eacdd4c,9f884f97-4654-4e88-81f8-c622a888fee1,NhM@uwaterloo.ca
63789bb8-f7f2-4284-b255-b559f6f1ef68,c2221d5f-94fd-409b-80f7-860fcd4652e7,WYiBODF@uwaterloo.ca
c872ae72-33ce-4bd4-a499-317621ad40be,505fcd5e-e2b2-484a-9b53-2d39b2607c41,hfPR@uwaterloo.ca
3ddf056a-d7a1-4ce1-90bb-8aeb8e423f53,768d714d-8ec3-456c-852c-bc5eb89da664,jUyBsDG@uwaterloo.ca
d090bc6f-e83d-49e8-8ffb-1ac3783a0093,d624fc78-aa2e-43e6-9ca3-51d331a2694f,jeXyBlJhqTqh@uwaterloo.ca
814d0c81-0cb9-44a0-9836-14701f615f3a,9a1b0274-49d3-433d-9ca6-58d22a776dd6,yCG@uwaterloo.ca
eca053e8-a430-4669-8f63-1759c9e06b96,2c82441a-95ae-4044-8f60-c1af1d741655,YEYleHzg@uwaterloo.ca
1bfe5d1c-8e11-48a6-b0b1-ce90606a7149,1828aa45-1b28-418e-a2a3-8c9e0974a318,GUjioWLr@uwaterloo.ca
42bbdf41-76bb-49cc-9030-0511780aefb5,464ac62e-fd7d-4fde-a46a-349057cd7d98,wHapEkpw@uwaterloo.ca
b28afd10-2344-43f4-bd5e-861dd509c4c3,e212edd3-e9d5-420c-9cf7-f84c97ca5652,o@uwaterloo.ca
acee3c71-d7cd-4c1a-b9b7-e4449610e4f2,0d6de849-701d-408d-91bd-2897f0dc8181,d@uwaterloo.ca
9fd3e538-464b-4226-b9b8-65bec1d98b53,29e16a5b-8c88-48ca-8037-cfdb7acb528a,F@uwaterloo.ca
2ea94c54-767b-4a23-876a-2618cdc64859,63de0cad-f67a-415b-b2dc-84ec6f517a3b,gNYkJqXgtgD@uwaterloo.ca
d45c8919-b970-4449-9a0d-3acabd92c3c7,e95cb766-2843-43f7-886e-b98051a58869,DKYaCSczrSnx@uwaterloo.ca
b4849dac-097e-4a15-83db-d2442cfa15da,3d69c2c9-48cb-41a8-abd6-3e4992ed4d03,tyONLIUobdy@uwaterloo.ca
11a0df86-be8a-4ca5-8aa1-a7faee2b6d52,c272fe6b-01bc-49bc-a957-0fc5d48225eb,Et@uwaterloo.ca
4b428203-2770-44d7-accb-ac93c0966145,9359f840-e84d-474a-8bd3-5a5a65e55f74,AntFerXZCDI@uwaterloo.ca
5d89a483-707b-4315-84d8-eaf909cc1f67,c257ed0c-bf07-4f43-8ce6-0637d36138f3,YEYleHzg@uwaterloo.ca
82aaede0-1861-47a0-82e8-12f2a85bf865,155c7b7d-d804-40b9-8573-48d156c9b9c3,dXIHY@uwaterloo.ca
09c9f75d-75a9-42c5-9619-71ff0148c551,a3f8cf03-096e-4d11-a48b-d495825abc3c,cQQMEnFhVIHH@uwaterloo.ca
3d841b01-378e-4c63-943a-5b50acd01d03,ea05680f-0d5d-4228-92e7-f7a003947414,J@uwaterloo.ca
73b7d845-32dd-4f8a-acfd-70ebc36a844f,df04d744-f410-4f0f-ba02-de677a15a362,kCTF@uwaterloo.ca
e7592581-6100-40ae-ba0a-31de733ecbe0,4fbb3bed-b20b-49a6-ad22-b3646f635732,iVbcQ@uwaterloo.ca
67aa4a8a-4c4d-464d-a608-d847bdccc2b5,3d69c2c9-48cb-41a8-abd6-3e4992ed4d03,zVYDwSLAdFyw@uwaterloo.ca
ac20d9d2-6b54-4c01-b84b-7d4858fbb215,a03b37f8-5e1a-4597-baa4-a137ee73d576,NhM@uwaterloo.ca
7de7313b-2ad7-4fe1-afbd-f3dbb333326e,d0d7c349-0685-485f-8b56-d8e70ebf6b67,TLsiWPSriSaB@uwaterloo.ca
8b76a89c-0bb7-4afc-a8eb-aa811f272bde,27967907-7e9b-4b2a-b7fe-5ffcbdfe927c,NhM@uwaterloo.ca
b5c5252e-3adc-4a55-9aec-414e7d0b6b2e,e92b1e9d-701c-43cc-83e9-190ee14c54e8,cQQMEnFhVIHH@uwaterloo.ca
a2d1b16c-e4c5-4f03-b3fb-13c2baa911fb,d4c9396d-6c11-4e39-8ba3-88066e8d2dd8,FjFaHIrmTYh@uwaterloo.ca
bf27ae97-cf0e-41d3-9939-5cbb6313d0bd,31b66680-c24e-4392-811b-6c7a3bf1fdf0,nJJH@uwaterloo.ca
2100708e-32bb-465b-8ed1-ac8ecccbe600,b2a2e38d-80bf-416a-9784-f19b0f3e1e3f,hHjxTyByl@uwaterloo.ca
1cae7f09-f815-4451-9cc8-8b9cdcf27733,d4c9396d-6c11-4e39-8ba3-88066e8d2dd8,kqUCpCZPHPK@uwaterloo.ca
47df97e1-5847-4589-b226-12163eddcf0c,ea05680f-0d5d-4228-92e7-f7a003947414,kqUCpCZPHPK@uwaterloo.ca
676f9b4d-0d41-40b9-a083-30341c2ad428,78f1b021-1e53-420a-9681-b3472fa5fe6d,enZLYDQPYLyl@uwaterloo.ca
7cec1303-82f7-4a5b-869a-abb96da7689e,ac87e283-3b31-4a0d-abb2-8af6c5e1d688,YtesyrSp@uwaterloo.ca
f0d1d14f-1c91-4927-b42d-39fbfbe65fa0,ae94be95-ef70-4cee-9125-55dbbb84c340,wibhgUTeIQlL@uwaterloo.ca
d8f86b39-b62f-4ae7-816f-e8afc3df192f,754e9a40-6630-4aeb-84b6-dbdf0ebb1578,tIH@uwaterloo.ca
00528b0d-6c1f-4c53-b1c2-7e79e201c7ff,e85bf762-01ed-41d5-9805-7081a846bb70,PXGf@uwaterloo.ca
c598ff76-4d5e-48bc-84f2-7cc112c4f20f,78f1b021-1e53-420a-9681-b3472fa5fe6d,d@uwaterloo.ca
4eb3a0bc-e96f-4280-9923-81a656156609,73c63516-303a-4f21-ae5d-3ade44340102,z@uwaterloo.ca
1d42092c-d2a4-47ea-ab74-34ac2f487954,0201c93a-89c3-4c59-b7fb-b76c49e0c924,HXRe@uwaterloo.ca
b47993a1-6592-4fdf-b303-0009012a5913,6595fe21-5287-459d-b5f1-0f4797cd4f7f,kCTF@uwaterloo.ca
88dfe65f-57e1-4a3b-ab9a-55b6e7abcefc,157aaa3d-2b93-4f8c-ad2f-49a25aea140b,zVYDwSLAdFyw@uwaterloo.ca
5cf5c043-4c66-4eda-a144-0e1eb43f9fc6,9a63cf3f-0f96-42d7-86a0-c66e0df9086a,KFqt@uwaterloo.ca
27d116b2-5aef-4431-81c3-ed558d7e39cb,7fdecb32-bf03-48dd-823b-f857a38e1a9c,l@uwaterloo.ca
91e72a50-25d9-4bbe-adb5-e057eb398d92,ce554392-e1d9-4bd3-8a54-3a48b2ac2917,gNYkJqXgtgD@uwaterloo.ca
131c1344-7939-4ce8-ad41-046a00a751f6,c73063ef-86b0-4745-b5f0-3ff6abde301e,rYLQgKhlgFo@uwaterloo.ca
804f7f47-9fd4-4d3b-8105-b700cec67387,a3f8cf03-096e-4d11-a48b-d495825abc3c,YtesyrSp@uwaterloo.ca
4f5322a0-f84c-4377-a3be-f45d2e0b9ef3,b74bee53-7af7-43de-89b3-1d154e7f0013,WeaqtMRy@uwaterloo.ca
ef668038-af0f-41a0-a268-c4e1f73c961a,2563636d-30d2-49a5-98a4-589895d8b9b3,y@uwaterloo.ca
de0e715e-21a1-458c-acb7-777b43bf6e6f,cbd8ec3a-e35d-4ce5-aad8-5b895ed6a1ee,r@uwaterloo.ca
204db002-5f17-4918-b043-b33972fca286,9caace19-4f42-4664-ae94-839e1decdb38,K@uwaterloo.ca
69a128bd-e6f7-400d-a2f8-81b3ecc20930,2c82441a-95ae-4044-8f60-c1af1d741655,Et@uwaterloo.ca
91e4f132-0540-43f6-8f0d-60bd9ec1a816,1828aa45-1b28-418e-a2a3-8c9e0974a318,PMiZLzfpGvhK@uwaterloo.ca
9a40306a-4089-43c2-913b-643f44f7089e,f457504f-3bf5-44ae-a7a8-dbef12031428,gGuTNCvNEn@uwaterloo.ca
651a7036-be97-4673-a2ee-06c175fabb4f,d4df9738-8be8-4e9a-826d-8ea34c6d403b,FKSdtEO@uwaterloo.ca
1f759ee2-d23e-4e1d-b81f-90341a8ab5ca,e63d551a-d516-4dfc-8336-f51028af8e32,EDVuqBkaODQ@uwaterloo.ca
ebc0c21e-231b-4308-b426-c64c62a35447,83d60a2b-fb05-4c4b-8cbf-38e9674c7ebc,WeaqtMRy@uwaterloo.ca
01d7b708-576c-4a12-ae46-cfe656681738,e212edd3-e9d5-420c-9cf7-f84c97ca5652,XpGIIh@uwaterloo.ca
76be6976-3c0e-46dd-98ce-d125776553dd,2ac9662e-2e85-4072-8897-d0c99c542fed,O@uwaterloo.ca
a0fb2bb2-04f5-4f66-93a1-da0ba3627ee2,e85bf762-01ed-41d5-9805-7081a846bb70,gDtW@uwaterloo.ca
35af78b7-a981-4f1d-bc4c-1ae7f90c565f,9f884f97-4654-4e88-81f8-c622a888fee1,Et@uwaterloo.ca
40734fb8-aaf2-4124-af21-0a523b8e2222,4fbb3bed-b20b-49a6-ad22-b3646f635732,YtesyrSp@uwaterloo.ca
ed81d07a-22a0-44b8-ae8c-d4509d518fb9,69521f7f-dbc3-4ce5-9ac1-145b0508145d,LXUYXHcB@uwaterloo.ca
1da43584-c753-41fe-82e8-59b6844fd3b5,0dae2511-5d1b-4570-81e0-a0bb00ea8a95,hHjxTyByl@uwaterloo.ca
2b949bc5-2f81-485e-ac1e-2653c11f019f,865123be-9c67-4129-9329-d6cd30a786eb,PMiZLzfpGvhK@uwaterloo.ca
e4deb0a2-22bd-4178-8e7d-dfe78fd2f04a,e83788e6-c376-4ea2-a3f7-0166453a2031,r@uwaterloo.ca
480ad0ba-65e4-4102-b12b-fc50c50e3b9f,28f87884-6ac1-48e8-82a4-f86353940c1f,YtesyrSp@uwaterloo.ca
a1a767cd-d59e-4ecd-82ba-bf2c997a96e1,e95cb766-2843-43f7-886e-b98051a58869,GUjioWLr@uwaterloo.ca
0a56f386-1b9f-4d8a-b6b6-8dfc5107e982,3c91004f-2ceb-4645-906e-666f1eee16b9,QpuwdOm@uwaterloo.ca
cb7a7b3a-9ed5-4d36-8bbf-5c22d30a8e10,157aaa3d-2b93-4f8c-ad2f-49a25aea140b,jYDyMwQ@uwaterloo.ca
f0b48c83-938a-468a-a8fd-344e2961c165,ac87e283-3b31-4a0d-abb2-8af6c5e1d688,NGTcOwUWL@uwaterloo.ca
7c33bfc6-7264-485d-a9b4-3ff255a8633c,446d7593-1afe-4706-ae19-f4f2456788b8,PMiZLzfpGvhK@uwaterloo.ca
0f95f00c-d3ba-4ab0-8f3e-205b4b7d409f,325852e8-f909-4f93-ac25-f4d8db8cf165,EDVuqBkaODQ@uwaterloo.ca
d5f10cdd-5923-4f8e-9df5-6c977a1d99a2,4fc5af9e-75f3-4b5d-a885-1c4f45ed95a7,kCTF@uwaterloo.ca
35dcfcec-f426-4f0a-951b-105820d5f012,28f87884-6ac1-48e8-82a4-f86353940c1f,QYQcVHkVH@uwaterloo.ca
9380af58-5eba-49f0-85d2-e242a868f4ae,c081fdbb-b8fa-44ed-810c-38a826f79974,QthK@uwaterloo.ca
11803d25-05d3-4313-b8d1-e7ce5465e15e,8d2c51aa-c577-488f-b5b0-86bde7912666,gDtW@uwaterloo.ca
ff0272cf-7c04-45af-b9a9-ff6ff9a31432,b51a4f4e-ed1a-4285-b1a1-86ed88764ea5,WeaqtMRy@uwaterloo.ca
2b712c21-0fc9-4884-90fc-8491aaa523f1,ef8c1daf-f905-45c0-8d60-7fa5221f1d11,QthK@uwaterloo.ca
f88e5ae9-a001-4e17-83f4-76163d23ff95,b37ad082-0b7b-4e34-9db8-97d53b3ccc1a,TxBdCrA@uwaterloo.ca
306a150a-8733-4020-8655-4f2398ba7d0c,325852e8-f909-4f93-ac25-f4d8db8cf165,ufACCZORgrDu@uwaterloo.ca
fe134084-7491-44e8-aed8-08cf52d1b2db,e95cb766-2843-43f7-886e-b98051a58869,O@uwaterloo.ca
915037d3-2c4f-4ccc-a149-b5cf8ce71ac4,73c63516-303a-4f21-ae5d-3ade44340102,l@uwaterloo.ca
75b1a070-3fd4-4a88-95b4-769089540336,ce8ad18e-6ef2-4d54-9a85-267214b2f3e7,rMuYnqizwdWs@uwaterloo.ca
5871853c-b9f9-42e3-91df-4ebe75a840bd,3e9569f9-4f24-48f2-8be5-485741fee583,J@uwaterloo.ca
cdc19ae3-05fa-4e75-a2ea-81e91ca7f636,115c76a6-904f-415e-af2f-fb4be24c6e96,rMuYnqizwdWs@uwaterloo.ca
6250faa2-aebe-48c0-bf27-89cc17aba5ee,d35c1054-d2df-4917-98d7-82a2d0144101,woNSsMSQ@uwaterloo.ca
b6dbc27e-5fff-4999-a58e-922190cc458a,325852e8-f909-4f93-ac25-f4d8db8cf165,woNSsMSQ@uwaterloo.ca
af88f9c1-4f6c-4bbf-890a-4f4ab375e73c,5738abab-cf1b-4cd8-908a-ed4b0d070146,EH@uwaterloo.ca
6c364988-f28a-4217-a7e3-ce60bf9896c4,8c593165-f01f-447b-8659-14b87822853e,QLUonoSCbek@uwaterloo.ca
ab478c72-60f0-4e69-a7ac-315094fbacb1,df04d744-f410-4f0f-ba02-de677a15a362,dXIHY@uwaterloo.ca
75adf907-95e6-4d01-8e84-f1330d4b1a17,1f26e8c7-5600-4846-8331-8108d2916fb4,NrChoPNnt@uwaterloo.ca
9c871c12-3e70-4ab1-950c-81d87abcbd28,b9d95f44-8a32-4eb6-b4b6-28efb644fee4,PXGf@uwaterloo.ca
1493aebe-4f6b-43f3-ae52-90d20dd22ba9,2a059961-03b9-4214-bf29-f7436f66b8b9,CJGJhu@uwaterloo.ca
1973b08d-4619-4aea-a95a-a9b0873246c4,69bbdb85-bb6f-4f5f-b34d-abc1800a8034,wibhgUTeIQlL@uwaterloo.ca
3f9c5d17-901a-4c2e-95f0-e13b7b5de72e,4fc5af9e-75f3-4b5d-a885-1c4f45ed95a7,FjFaHIrmTYh@uwaterloo.ca
093af2b6-e00a-4bb9-861d-b6b3d3238369,dbba06de-606a-488a-ae36-c338f0eeb6ec,FKSdtEO@uwaterloo.ca
564877d0-74d6-4961-8317-a4a8027ee421,a700574a-a761-432a-a3e4-20b900258fb0,yCG@uwaterloo.ca
0b93e13f-3d68-45e6-9ed0-39512e0fddfa,157aaa3d-2b93-4f8c-ad2f-49a25aea140b,iVbcQ@uwaterloo.ca
c1a67afc-973d-4471-93e5-62add626ef5f,73ad6992-8cbf-41c9-81d5-afdd83f30a7c,AlCs@uwaterloo.ca
b3857b91-bbf5-4875-9c80-9c559061b6f5,155c7b7d-d804-40b9-8573-48d156c9b9c3,IwvgxmkVbBXO@uwaterloo.ca
44cede93-1671-43b8-8873-6d04d9e541f9,2ac9662e-2e85-4072-8897-d0c99c542fed,hfPR@uwaterloo.ca
749c8bc4-6eb6-4cd8-9465-bc72c4b3e3fd,6e5be103-9d2f-4fab-b41d-63cd5e7bb65a,Ruq@uwaterloo.ca
5b5cebc9-18f8-4720-a14b-d75ad98ebf33,ac87e283-3b31-4a0d-abb2-8af6c5e1d688,WeaqtMRy@uwaterloo.ca
b91966b3-dbae-47db-881e-2de184cc9de3,0888ac68-c330-49cc-94f3-c6dd79d8323b,ewKkPnT@uwaterloo.ca
554c963c-d2bd-49f0-b74d-70671ec5f7e9,e63d551a-d516-4dfc-8336-f51028af8e32,ySfiKL@uwaterloo.ca
a0bb8e29-c8a5-4961-a5e8-aaa9b2cf6a96,f16ceb62-04a7-4fc9-92fe-758d7bea6980,z@uwaterloo.ca
79a49beb-4d9e-496e-9c6d-4255edb6b9a2,52d15a1f-154b-4545-bc47-9d9cdd717576,psklN@uwaterloo.ca
4c85e60c-5da5-4f8e-aa6c-4cd28882859b,4fc5af9e-75f3-4b5d-a885-1c4f45ed95a7,ECGSDWuepErr@uwaterloo.ca
5e7a8912-bfb5-46af-abdf-3156f1012943,96f87cff-4ae8-4e82-81c3-288a03410d0c,l@uwaterloo.ca
f4d7354f-0ecb-427c-b6da-a5b045e19a42,ae5a6cbb-a921-4c91-bcfd-60a3effe8d1c,oFymboewZ@uwaterloo.ca
7a8ad469-62dc-4d19-8c15-344de777ff1a,4f474504-dfda-4091-a1f9-a63e261860c6,Ruq@uwaterloo.ca
a4964c29-6c0e-408e-aff1-14997c78e28d,e92b1e9d-701c-43cc-83e9-190ee14c54e8,s@uwaterloo.ca
20a3648c-520a-42f7-a0c5-8deea23c22ce,f2ab5dfc-c1e0-46f8-b9e8-fee960e851bd,EH@uwaterloo.ca
3d84097a-74eb-49cd-89ea-52b69df7a696,cf70e944-ab22-43af-9081-6b47f0e37e86,NhM@uwaterloo.ca
2669d121-90f7-4d99-86b9-1703bd078372,477425f5-6e19-4c25-8d9b-0d2fb6a77226,enZLYDQPYLyl@uwaterloo.ca
57680aa9-ea9a-44e0-92eb-ffec4c83fd99,f457504f-3bf5-44ae-a7a8-dbef12031428,FiUmsL@uwaterloo.ca
b446f05d-9c82-405b-822d-2334ef20f51b,1db322fb-8a4d-4cf7-a23a-f6b9caec6faf,FaenhywUIVjQ@uwaterloo.ca
647b8c5c-65db-4b58-92d5-21e25c09a93b,6d8886cc-fa74-4c27-b3ab-bc86724751b7,jYDyMwQ@uwaterloo.ca
6fcce75c-9080-4e0e-bac5-3facd45f4f1c,6e5be103-9d2f-4fab-b41d-63cd5e7bb65a,ewKkPnT@uwaterloo.ca
c783cd96-122e-4e78-b181-7fffab83adac,bb667e2d-b063-4f00-92b2-2eca8b9c83b3,oFymboewZ@uwaterloo.ca
4752cdc2-93a0-4fbb-8b2b-39b0f8235125,4fbb3bed-b20b-49a6-ad22-b3646f635732,kCTF@uwaterloo.ca
2b4d0b51-de38-4329-9c45-a445dfd1d41d,370f1aa5-3322-43e6-8998-b9d9d81775ae,TxBdCrA@uwaterloo.ca
008b996f-2986-46f5-b23b-84b45272f949,9f884f97-4654-4e88-81f8-c622a888fee1,dXIHY@uwaterloo.ca
266c4e2b-911c-41bf-ba97-7cfedeec29a1,f7ae2a96-cd5d-4d3a-a1b2-23fc64637a15,o@uwaterloo.ca
47488fd3-32df-4aca-b216-d2ed37bb547d,2ed50bca-9791-4549-a089-00f37e410c52,wibhgUTeIQlL@uwaterloo.ca
8ef98353-619e-446c-a683-2f32873d72cb,99d72a2d-e4b4-4230-a6e0-01ef472c4a82,yCG@uwaterloo.ca
a07e07d4-4400-4dfe-956a-bfda7308abb6,464ac62e-fd7d-4fde-a46a-349057cd7d98,ugRLoSo@uwaterloo.ca
1e891dbf-76a8-452f-baae-3a1ecb342812,1f26e8c7-5600-4846-8331-8108d2916fb4,ou@uwaterloo.ca
6f3db43c-a3c7-4a27-b433-bab447e064b8,c73063ef-86b0-4745-b5f0-3ff6abde301e,dUItme@uwaterloo.ca
e7fe60fe-bb21-4ad9-8d23-4c09cbd611c5,3c91004f-2ceb-4645-906e-666f1eee16b9,QBQVrHJD@uwaterloo.ca
a266248c-5179-42d2-b79f-b1b82dda9046,c73c6864-82ac-43f9-84d2-fcabd511e66e,KwRwo@uwaterloo.ca
7d9b9548-d130-47c7-9f22-d2575a9ba34e,ca14e47a-855d-4cb7-a29e-cc3859d534de,wibhgUTeIQlL@uwaterloo.ca
fed0c5b5-aa59-41a4-9136-4d24c456bde1,aecfeefa-f10f-47bf-9fb2-382bca080a96,PXGf@uwaterloo.ca
2050a46a-a976-4960-8fae-bf885726e541,d4df9738-8be8-4e9a-826d-8ea34c6d403b,J@uwaterloo.ca
418b6d84-dd51-4000-b6a6-df1a128b4f6e,d5e4c57c-d0b8-4435-95c0-8be3146045e0,gGuTNCvNEn@uwaterloo.ca
9da8a43f-0142-4ce5-85e4-18b7a3f3084f,1828aa45-1b28-418e-a2a3-8c9e0974a318,fgzrVnQzTlJX@uwaterloo.ca
9f627030-f09f-4be2-a6ba-452a64b90bed,fc114d1c-c4e2-4396-b0e4-b96e1bcd4f8f,ACpTzZqmSkn@uwaterloo.ca
58b6e776-4f7e-47d7-af7c-209a844f8ed9,5c34cdb4-a599-43e8-a1d4-300b01a9284c,NhM@uwaterloo.ca
