XpGIIh@uwaterloo.ca,fLoHQnPtkiRmczt,5746806496
dxgFsNBZhI@uwaterloo.ca,OfzKGnUYMfSb,3423499073
YtesyrSp@uwaterloo.ca,fxCPfRX,7616163949
r@uwaterloo.ca,DWouiYkEYjd,3365812539
FaenhywUIVjQ@uwaterloo.ca,iLXszmhmctBOo,5646722187
dXIHY@uwaterloo.ca,fELuu,2348954342
K@uwaterloo.ca,SVaZ,0770276753
J@uwaterloo.ca,F,2134140983
QLUonoSCbek@uwaterloo.ca,iLXszmhmctBOo,9694618756
FKSdtEO@uwaterloo.ca,GMvmcdWZM,3328608355
NrChoPNnt@uwaterloo.ca,y,2437044531
ECGSDWuepErr@uwaterloo.ca,QFpJG,6440770144
ewKkPnT@uwaterloo.ca,vZI,0085541858
AlCs@uwaterloo.ca,xGGqJGektAWk,3426726944
GUjioWLr@uwaterloo.ca,pJfN,8707960799
LXUYXHcB@uwaterloo.ca,VMHwEdsDXy,4671205047
TxBdCrA@uwaterloo.ca,iLXszmhmctBOo,9980393426
HV@uwaterloo.ca,DWouiYkEYjd,7853215377
wHapEkpw@uwaterloo.ca,W,5075986086
TLsiWPSriSaB@uwaterloo.ca,GWu,0523372000
DKYaCSczrSnx@uwaterloo.ca,sKXxAHcT,9203274406
zVYDwSLAdFyw@uwaterloo.ca,dEdxqoFGD,8185871295
hHjxTyByl@uwaterloo.ca,JBRkdp,3764492453
HXRe@uwaterloo.ca,DTnWcly,3580606585
s@uwaterloo.ca,UWS,9971643423
z@uwaterloo.ca,GMvmcdWZM,6787865999
oFymboewZ@uwaterloo.ca,gJKvKNzYyulEzQm,9058452033
HtTHptSAo@uwaterloo.ca,OlWlZFiMmSOLjUb,3551154946
d@uwaterloo.ca,NDkPmFsTeDaWuXL,3643313865
gDtW@uwaterloo.ca,fLoHQnPtkiRmczt,0870478808
EH@uwaterloo.ca,RRseZozpBzg,5838102199
fgzrVnQzTlJX@uwaterloo.ca,y,9458706334
FiUmsL@uwaterloo.ca,DHoNlqQNilsCMy,5331478872
ufACCZORgrDu@uwaterloo.ca,fxCPfRX,4017918851
RxWcT@uwaterloo.ca,noGBIOq,5660788604
NhM@uwaterloo.ca,dEdxqoFGD,5746525850
e@uwaterloo.ca,F,7242235893
woNSsMSQ@uwaterloo.ca,xGGqJGektAWk,3216391294
jeXyBlJhqTqh@uwaterloo.ca,pJfN,3979561934
QYQcVHkVH@uwaterloo.ca,DWouiYkEYjd,6215043569
BzH@uwaterloo.ca,Fd,3805059792
ugRLoSo@uwaterloo.ca,duuNQgRdV,2152802495
tIH@uwaterloo.ca,NcoCvyfeiAs,2087732233
PMiZLzfpGvhK@uwaterloo.ca,VZ,3799263065
OeWGOWgDc@uwaterloo.ca,ZhbMjvWH,3941779867
gGuTNCvNEn@uwaterloo.ca,yqwuOxtnisu,8722431572
ZWoTBky@uwaterloo.ca,OlWlZFiMmSOLjUb,4943129804
ACpTzZqmSkn@uwaterloo.ca,PAuOYDwAWBpRgPm,7906589394
EDVuqBkaODQ@uwaterloo.ca,vnQyMPO,8645533802
CdUobPOw@uwaterloo.ca,dEdxqoFGD,5090190900
rYLQgKhlgFo@uwaterloo.ca,Ektw,4575840592
WYiBODF@uwaterloo.ca,FbdYGHgrtvxLzq,8083385347
Bumoxj@uwaterloo.ca,GWu,7199182298
kqUCpCZPHPK@uwaterloo.ca,fxCPfRX,3664498952
o@uwaterloo.ca,DHoNlqQNilsCMy,2279783139
jUyBsDG@uwaterloo.ca,oQGitiFSX,3793663405
y@uwaterloo.ca,NYYTSkvAfzbNCT,1865011016
TkwInAkqIWU@uwaterloo.ca,JCqoL,3310034202
l@uwaterloo.ca,sZFdwflP,6146043635
kCTF@uwaterloo.ca,VZ,4773665144
KFqt@uwaterloo.ca,fxCPfRX,6418364266
OpZj@uwaterloo.ca,K,6944828632
WeaqtMRy@uwaterloo.ca,DTnWcly,9323573421
Et@uwaterloo.ca,v,2122233111
tyONLIUobdy@uwaterloo.ca,fLoHQnPtkiRmczt,0672663694
QpuwdOm@uwaterloo.ca,GNrbzdx,4559333231
YEYleHzg@uwaterloo.ca,JhC,2207374218
bdDflxVtuJ@uwaterloo.ca,WjbTixdNOHLD,0447730613
O@uwaterloo.ca,fLoHQnPtkiRmczt,4698070289
AntFerXZCDI@uwaterloo.ca,Ry,2004876411
F@uwaterloo.ca,JhC,4580543182
enZLYDQPYLyl@uwaterloo.ca,sKXxAHcT,9836063802
KwRwo@uwaterloo.ca,GNrbzdx,6042655206
PXGf@uwaterloo.ca,UvDl,5718080439
wibhgUTeIQlL@uwaterloo.ca,noGBIOq,9453739271
FjFaHIrmTYh@uwaterloo.ca,aPETVSuDboDZsJB,1285045914
ySfiKL@uwaterloo.ca,VMHwEdsDXy,2573022427
gNYkJqXgtgD@uwaterloo.ca,UvDl,9240995274
WrBRYpW@uwaterloo.ca,SVaZ,3846964011
UzXWyu@uwaterloo.ca,SWoMbVx,5899264051
ou@uwaterloo.ca,fa,7710592640
cQQMEnFhVIHH@uwaterloo.ca,noGBIOq,6399014880
QthK@uwaterloo.ca,DWouiYkEYjd,3989868061
Ruq@uwaterloo.ca,q,4363567528
NGTcOwUWL@uwaterloo.ca,XeiZKufvWsBlMg,8826729656
iVbcQ@uwaterloo.ca,RRseZozpBzg,3377833415
dmGRhEfuIJ@uwaterloo.ca,noGBIOq,6666881643
jYDyMwQ@uwaterloo.ca,F,7881512480
nJJH@uwaterloo.ca,HqHNzyNvhfmqtZg,0162959701
rMuYnqizwdWs@uwaterloo.ca,hFmDzFPqlbz,9901997032
yCG@uwaterloo.ca,OlWlZFiMmSOLjUb,8389879439
psklN@uwaterloo.ca,nMCbkGdeFbaKJB,5789654043
QBQVrHJD@uwaterloo.ca,POsXQektYkCDJ,9509842028
nvsEQOwaPdwT@uwaterloo.ca,QFpJG,5340121669
o@uwaterloo.ca,xGcd,9257208346
IwvgxmkVbBXO@uwaterloo.ca,RRseZozpBzg,3608676395
hfPR@uwaterloo.ca,NDkPmFsTeDaWuXL,8733531591
Ye@uwaterloo.ca,me,3704892994
CJGJhu@uwaterloo.ca,VMHwEdsDXy,6623817975
dUItme@uwaterloo.ca,GMvmcdWZM,7790035589
