hOgDr@uwaterloo.ca,b37ad082-0b7b-4e34-9db8-97d53b3ccc1a
MBW@uwaterloo.ca,933fe805-be33-4676-92c8-eb7cc52c08de
i@uwaterloo.ca,54ad8c03-2c88-4b01-95ae-b069beb6995e
o@uwaterloo.ca,8c1d8714-568c-4f0e-a5e4-1dc57dc3ec6f
DoNFDJj@uwaterloo.ca,38eba974-bf90-486c-8519-5be0148e2423
z@uwaterloo.ca,64a215e1-7161-4907-996a-01ad33b48574
Vk@uwaterloo.ca,ae5a6cbb-a921-4c91-bcfd-60a3effe8d1c
GFlWfcinQKO@uwaterloo.ca,7215d12b-66af-42f0-a43f-5c551867bc89
GYJW@uwaterloo.ca,867ed6ea-ee30-4ed6-a69f-25342ab27e50
rwfcj@uwaterloo.ca,f3ab864e-cf87-4fb8-b4fd-657d8ba5fc63
z@uwaterloo.ca,2d7ac223-b837-4b25-981e-41bbb5ec025b
hQRQSdRvavoP@uwaterloo.ca,1db322fb-8a4d-4cf7-a23a-f6b9caec6faf
UAqusRyeHjY@uwaterloo.ca,329c98ce-e96b-4a3e-b8f2-edc8261f2eac
JnKQrTYmeTJn@uwaterloo.ca,31b66680-c24e-4392-811b-6c7a3bf1fdf0
FBXXtHVD@uwaterloo.ca,f2ab5dfc-c1e0-46f8-b9e8-fee960e851bd
yTFsFRqAs@uwaterloo.ca,ce554392-e1d9-4bd3-8a54-3a48b2ac2917
DHMpGQjHz@uwaterloo.ca,c257ed0c-bf07-4f43-8ce6-0637d36138f3
j@uwaterloo.ca,04e93c51-d2f0-4297-bb56-4560417ab638
F@uwaterloo.ca,a6ec2ccc-0439-4fb1-8d1e-8105bb9a66f5
Vk@uwaterloo.ca,56d440da-94be-44ae-bfd8-eb347612229f
DxXARcsngw@uwaterloo.ca,6d8886cc-fa74-4c27-b3ab-bc86724751b7
WYRt@uwaterloo.ca,6e5be103-9d2f-4fab-b41d-63cd5e7bb65a
DxXARcsngw@uwaterloo.ca,99d72a2d-e4b4-4230-a6e0-01ef472c4a82
hQRQSdRvavoP@uwaterloo.ca,28886a92-d5bd-4b23-a01d-acc40665c1ec
BPtgAkdrH@uwaterloo.ca,3d7351e9-b686-4de4-9ca7-109211e2792f
fivQbW@uwaterloo.ca,1e74ccaa-577b-4cc8-aeec-8f3bb58b0042
rwfcj@uwaterloo.ca,dee431af-263d-4a65-9c3d-ba92e4dd1556
QmUmFzLb@uwaterloo.ca,a3f8cf03-096e-4d11-a48b-d495825abc3c
yTFsFRqAs@uwaterloo.ca,2c97a137-bea0-46d6-b4a9-1c5cd11270de
GFlWfcinQKO@uwaterloo.ca,db690a12-84ab-499a-947e-6624cd6ebdc9
m@uwaterloo.ca,fe0967f0-22af-40d5-b7d5-1939953599c3
MUuS@uwaterloo.ca,5e9b56a6-870d-4291-9138-b95e7aadf241
wbSmiumgifG@uwaterloo.ca,ee30b28b-c0f5-4be7-b3e2-14ca4829c5da
UYtmL@uwaterloo.ca,2f4f1ce9-8d32-4f2f-a473-a914691b3a05
DxXARcsngw@uwaterloo.ca,2a059961-03b9-4214-bf29-f7436f66b8b9
WYRt@uwaterloo.ca,903da2b4-a4c9-471b-a7f8-36a6d3358e20
hk@uwaterloo.ca,b6bb4c25-8e65-4726-bf95-08ce69991b9b
DHMpGQjHz@uwaterloo.ca,c081fdbb-b8fa-44ed-810c-38a826f79974
DxXARcsngw@uwaterloo.ca,3d69c2c9-48cb-41a8-abd6-3e4992ed4d03
jcSqCAMCTqP@uwaterloo.ca,325852e8-f909-4f93-ac25-f4d8db8cf165
yTFsFRqAs@uwaterloo.ca,0d6de849-701d-408d-91bd-2897f0dc8181
ZMWwOzywzjT@uwaterloo.ca,774f4168-23bb-4751-862b-f10ecd3afa83
yTFsFRqAs@uwaterloo.ca,3c91004f-2ceb-4645-906e-666f1eee16b9
fGDjQFAoYIM@uwaterloo.ca,477425f5-6e19-4c25-8d9b-0d2fb6a77226
QEq@uwaterloo.ca,754e9a40-6630-4aeb-84b6-dbdf0ebb1578
BPtgAkdrH@uwaterloo.ca,2563636d-30d2-49a5-98a4-589895d8b9b3
nmYcT@uwaterloo.ca,22d1e1a7-6cdf-4e84-9a7b-2e39ead6c46a
ZMWwOzywzjT@uwaterloo.ca,8cc718f3-51b6-4e45-86b1-425fdb9012e0
nmYcT@uwaterloo.ca,c9558bf3-eb91-466d-9629-28041840fcaf
g@uwaterloo.ca,f16ceb62-04a7-4fc9-92fe-758d7bea6980
VPC@uwaterloo.ca,5c34cdb4-a599-43e8-a1d4-300b01a9284c
JnKQrTYmeTJn@uwaterloo.ca,8518cc8d-17d0-47de-9987-9255da22f7d2
HjgF@uwaterloo.ca,d355e766-8394-4f5f-b720-9976af856525
HjgF@uwaterloo.ca,e85bf762-01ed-41d5-9805-7081a846bb70
VPC@uwaterloo.ca,0b8f79cd-dd8f-49e6-a53c-cd44833cef18
z@uwaterloo.ca,b186465e-16ab-4909-9343-656873a8a251
zKqycpSgv@uwaterloo.ca,bb667e2d-b063-4f00-92b2-2eca8b9c83b3
WYRt@uwaterloo.ca,2e321ddf-2015-4e54-bf1d-ad0588ff23c5
Vk@uwaterloo.ca,02d3ac78-8d92-4033-b1d8-77d75aec9721
rWthDml@uwaterloo.ca,d4df9738-8be8-4e9a-826d-8ea34c6d403b
MUuS@uwaterloo.ca,5a1ac6d7-e443-45ae-a644-8a6f8b125652
uhSYCSehABOy@uwaterloo.ca,2c5b4a6d-4854-4368-b231-3eebbaf8d56f
hk@uwaterloo.ca,ca721c78-12e3-4a9b-ac90-bc78c33ce08b
rWthDml@uwaterloo.ca,2ebffa7e-7ab7-4a49-8d1e-745ac50ca3a2
FBXXtHVD@uwaterloo.ca,9f87bb83-aadd-493b-a3ae-a0ec90454383
QmUmFzLb@uwaterloo.ca,6595fe21-5287-459d-b5f1-0f4797cd4f7f
j@uwaterloo.ca,4cf92991-10f7-4eee-b9d9-068c47900d7c
MUuS@uwaterloo.ca,9359f840-e84d-474a-8bd3-5a5a65e55f74
HjgF@uwaterloo.ca,c73c6864-82ac-43f9-84d2-fcabd511e66e
i@uwaterloo.ca,6486f155-7422-4846-80c6-3c49fb634eeb
TDS@uwaterloo.ca,a700574a-a761-432a-a3e4-20b900258fb0
FBXXtHVD@uwaterloo.ca,768d714d-8ec3-456c-852c-bc5eb89da664
zKqycpSgv@uwaterloo.ca,9d4161c6-df38-43fc-a41c-0c035417208e
fivQbW@uwaterloo.ca,8c593165-f01f-447b-8659-14b87822853e
hOgDr@uwaterloo.ca,6920305c-c35e-40d1-8ba1-36b648fa7b2b
zKqycpSgv@uwaterloo.ca,cdf50e21-ddb5-4d4e-b8f0-c8d5e3e20387
FBXXtHVD@uwaterloo.ca,4f8b88a8-793e-4127-9e5c-3dd37716bf86
COaUP@uwaterloo.ca,2ac9662e-2e85-4072-8897-d0c99c542fed
DoNFDJj@uwaterloo.ca,efda82a4-4aeb-4397-8338-8fd37f124f4b
FBXXtHVD@uwaterloo.ca,dc0ebf8a-5b15-423b-87e2-8d587a415d19
rwfcj@uwaterloo.ca,e2a05702-4763-4ed6-a2b1-25cd2472dcda
N@uwaterloo.ca,ba72bfc3-2b8f-499f-9bf5-315d9ae95156
F@uwaterloo.ca,dbba06de-606a-488a-ae36-c338f0eeb6ec
nmYcT@uwaterloo.ca,fc114d1c-c4e2-4396-b0e4-b96e1bcd4f8f
DHMpGQjHz@uwaterloo.ca,37ee74e6-db3b-4643-9288-667fb52512b5
ZMWwOzywzjT@uwaterloo.ca,1828aa45-1b28-418e-a2a3-8c9e0974a318
DoNFDJj@uwaterloo.ca,b680bc8c-d340-4f52-aa2b-9f8927da5b61
ZMWwOzywzjT@uwaterloo.ca,76856d34-32a6-4206-ad69-a2018452de27
rWthDml@uwaterloo.ca,ef8c1daf-f905-45c0-8d60-7fa5221f1d11
BPtgAkdrH@uwaterloo.ca,5ba3c52f-4934-4b7b-80a8-af5cf449e663
DHMpGQjHz@uwaterloo.ca,a83eb8bd-86d0-4d24-bc55-99ac066fb2e6
nmYcT@uwaterloo.ca,d4c9396d-6c11-4e39-8ba3-88066e8d2dd8
DHMpGQjHz@uwaterloo.ca,514e225d-b7aa-43b4-99eb-1a8a51755ded
DHMpGQjHz@uwaterloo.ca,7fdecb32-bf03-48dd-823b-f857a38e1a9c
QEq@uwaterloo.ca,712a80fa-74e9-4c17-acb7-a838859090e3
o@uwaterloo.ca,0201c93a-89c3-4c59-b7fb-b76c49e0c924
hk@uwaterloo.ca,6d970c98-0e28-42f8-9a01-7dfaa7eef2ab
DHMpGQjHz@uwaterloo.ca,821ea7e3-6c07-426b-b6f6-1a8415ed63cd
HjgF@uwaterloo.ca,e95cb766-2843-43f7-886e-b98051a58869
UYtmL@uwaterloo.ca,53e02292-c468-4990-a7c0-6831549d69ea
UYtmL@uwaterloo.ca,78f1b021-1e53-420a-9681-b3472fa5fe6d
GYJW@uwaterloo.ca,d0d7c349-0685-485f-8b56-d8e70ebf6b67
hQRQSdRvavoP@uwaterloo.ca,e83788e6-c376-4ea2-a3f7-0166453a2031
eXZyQVKsF@uwaterloo.ca,0dae2511-5d1b-4570-81e0-a0bb00ea8a95
zieXJSaVa@uwaterloo.ca,31b720ec-264e-4fab-8a46-6315b32268eb
VPC@uwaterloo.ca,c272fe6b-01bc-49bc-a957-0fc5d48225eb
fivQbW@uwaterloo.ca,e212edd3-e9d5-420c-9cf7-f84c97ca5652
ZMWwOzywzjT@uwaterloo.ca,8f005875-1af8-4aaf-beb7-af669fbb7642
hk@uwaterloo.ca,f457504f-3bf5-44ae-a7a8-dbef12031428
DoNFDJj@uwaterloo.ca,ca14e47a-855d-4cb7-a29e-cc3859d534de
F@uwaterloo.ca,446d7593-1afe-4706-ae19-f4f2456788b8
i@uwaterloo.ca,157aaa3d-2b93-4f8c-ad2f-49a25aea140b
ZMWwOzywzjT@uwaterloo.ca,865123be-9c67-4129-9329-d6cd30a786eb
uhSYCSehABOy@uwaterloo.ca,a3aebf6a-787d-4b7c-8077-848cd69a6091
MUuS@uwaterloo.ca,b51a4f4e-ed1a-4285-b1a1-86ed88764ea5
JnKQrTYmeTJn@uwaterloo.ca,155c7b7d-d804-40b9-8573-48d156c9b9c3
N@uwaterloo.ca,5632f0f7-9d02-4bbc-9d10-62508e60aae6
zKqycpSgv@uwaterloo.ca,1f26e8c7-5600-4846-8331-8108d2916fb4
UAqusRyeHjY@uwaterloo.ca,2d81cad7-8856-478e-bba9-e3095adeef20
uhSYCSehABOy@uwaterloo.ca,cbd8ec3a-e35d-4ce5-aad8-5b895ed6a1ee
hOgDr@uwaterloo.ca,23e06359-7e54-4dc4-b988-1888b348a9f5
i@uwaterloo.ca,29e16a5b-8c88-48ca-8037-cfdb7acb528a
g@uwaterloo.ca,f7ae2a96-cd5d-4d3a-a1b2-23fc64637a15
i@uwaterloo.ca,b7bc51f4-6a41-4d40-b2e0-05e272188fe5
lnCguzMAq@uwaterloo.ca,1bfc0abd-ffc0-4173-aa16-93c2b11a4702
VPC@uwaterloo.ca,b9d95f44-8a32-4eb6-b4b6-28efb644fee4
wbSmiumgifG@uwaterloo.ca,9a1b0274-49d3-433d-9ca6-58d22a776dd6
yTFsFRqAs@uwaterloo.ca,505fcd5e-e2b2-484a-9b53-2d39b2607c41
m@uwaterloo.ca,c73063ef-86b0-4745-b5f0-3ff6abde301e
zKqycpSgv@uwaterloo.ca,4fc5af9e-75f3-4b5d-a885-1c4f45ed95a7
zKqycpSgv@uwaterloo.ca,ac87e283-3b31-4a0d-abb2-8af6c5e1d688
GYJW@uwaterloo.ca,604f9404-a491-4c78-a51e-66bd9504b8c4
JnKQrTYmeTJn@uwaterloo.ca,bc0cedc8-08ef-4e7f-8b1f-cbe8c3ae2229
GYJW@uwaterloo.ca,f363d44d-241a-43a4-92c6-b79ca2688c82
BPtgAkdrH@uwaterloo.ca,1e6fcf63-b55b-44f4-85a1-de0e09e87284
zieXJSaVa@uwaterloo.ca,115c76a6-904f-415e-af2f-fb4be24c6e96
TSkAlXCYUdu@uwaterloo.ca,2a55dad0-351b-45a9-910e-eae44b80df7b
jcSqCAMCTqP@uwaterloo.ca,b74bee53-7af7-43de-89b3-1d154e7f0013
DoNFDJj@uwaterloo.ca,204485ff-8ffb-4f56-9514-0f142e36e8b7
hQRQSdRvavoP@uwaterloo.ca,e1e7153d-0989-493e-9aa7-6b9e64759010
rWthDml@uwaterloo.ca,d624fc78-aa2e-43e6-9ca3-51d331a2694f
MUuS@uwaterloo.ca,d35c1054-d2df-4917-98d7-82a2d0144101
F@uwaterloo.ca,69bbdb85-bb6f-4f5f-b34d-abc1800a8034
nmYcT@uwaterloo.ca,4408f42f-7655-4897-840f-95e6ecb83896
rWthDml@uwaterloo.ca,96f87cff-4ae8-4e82-81c3-288a03410d0c
z@uwaterloo.ca,d7b9a4bf-24a8-44a2-8acf-a64483b11cad
nmYcT@uwaterloo.ca,d188a1ec-a267-4308-a5d5-c0842da59c58
zieXJSaVa@uwaterloo.ca,370f1aa5-3322-43e6-8998-b9d9d81775ae
GFlWfcinQKO@uwaterloo.ca,09cc9129-e19d-4979-940c-b794485c0a54
o@uwaterloo.ca,564f713c-85c7-459f-bbbe-165699950848
UAqusRyeHjY@uwaterloo.ca,b2a2e38d-80bf-416a-9784-f19b0f3e1e3f
DoNFDJj@uwaterloo.ca,f5cf9a25-ac6d-4577-ad8a-46fbc1b5600c
F@uwaterloo.ca,52d15a1f-154b-4545-bc47-9d9cdd717576
GFlWfcinQKO@uwaterloo.ca,aecfeefa-f10f-47bf-9fb2-382bca080a96
j@uwaterloo.ca,9caace19-4f42-4664-ae94-839e1decdb38
hk@uwaterloo.ca,2c82441a-95ae-4044-8f60-c1af1d741655
lnCguzMAq@uwaterloo.ca,f963c7c6-93c8-4f3c-ae4b-0c6e4943bd30
eXZyQVKsF@uwaterloo.ca,08302d4b-d895-42ca-a2f1-bf5bcbd1d385
wbSmiumgifG@uwaterloo.ca,ea05680f-0d5d-4228-92e7-f7a003947414
DxXARcsngw@uwaterloo.ca,4d664706-fc80-4f8c-83b7-4ee8ecb72a2b
WYRt@uwaterloo.ca,63de0cad-f67a-415b-b2dc-84ec6f517a3b
fGDjQFAoYIM@uwaterloo.ca,73c63516-303a-4f21-ae5d-3ade44340102
uhSYCSehABOy@uwaterloo.ca,83d60a2b-fb05-4c4b-8cbf-38e9674c7ebc
BPtgAkdrH@uwaterloo.ca,ae94be95-ef70-4cee-9125-55dbbb84c340
zieXJSaVa@uwaterloo.ca,1690eb9c-a40f-47dd-9ca2-ab000f5fb561
TSkAlXCYUdu@uwaterloo.ca,a32b2830-b93f-4eea-b3d7-ef4e896e4fc3
uhSYCSehABOy@uwaterloo.ca,44fea350-79bf-462c-8ebe-6221fe47e35a
wbSmiumgifG@uwaterloo.ca,e63d551a-d516-4dfc-8336-f51028af8e32
UYtmL@uwaterloo.ca,ce8ad18e-6ef2-4d54-9a85-267214b2f3e7
fGDjQFAoYIM@uwaterloo.ca,735b3c81-1c45-4be9-a733-cbe4cba1aa7d
MUuS@uwaterloo.ca,815549cf-cef9-4b8c-8bbf-3625d7fad1fe
hk@uwaterloo.ca,53352e35-15e5-4a96-ada6-010ea85eafec
z@uwaterloo.ca,2524ff46-d7c5-47ec-b355-5345cc9598b2
BPtgAkdrH@uwaterloo.ca,df04d744-f410-4f0f-ba02-de677a15a362
z@uwaterloo.ca,27967907-7e9b-4b2a-b7fe-5ffcbdfe927c
FBXXtHVD@uwaterloo.ca,e92b1e9d-701c-43cc-83e9-190ee14c54e8
i@uwaterloo.ca,464ac62e-fd7d-4fde-a46a-349057cd7d98
VPC@uwaterloo.ca,4eb3641c-a5c9-4aa3-b79e-0815cd5afef1
zieXJSaVa@uwaterloo.ca,4f474504-dfda-4091-a1f9-a63e261860c6
UAqusRyeHjY@uwaterloo.ca,28f87884-6ac1-48e8-82a4-f86353940c1f
Vk@uwaterloo.ca,73ad6992-8cbf-41c9-81d5-afdd83f30a7c
MBW@uwaterloo.ca,69521f7f-dbc3-4ce5-9ac1-145b0508145d
UAqusRyeHjY@uwaterloo.ca,2ed50bca-9791-4549-a089-00f37e410c52
OYFWxVM@uwaterloo.ca,aba0c8a7-e939-4a49-82f4-e4c977e8cace
UAqusRyeHjY@uwaterloo.ca,0888ac68-c330-49cc-94f3-c6dd79d8323b
hQRQSdRvavoP@uwaterloo.ca,9f884f97-4654-4e88-81f8-c622a888fee1
OYFWxVM@uwaterloo.ca,d5e4c57c-d0b8-4435-95c0-8be3146045e0
UAqusRyeHjY@uwaterloo.ca,c2221d5f-94fd-409b-80f7-860fcd4652e7
zieXJSaVa@uwaterloo.ca,a03b37f8-5e1a-4597-baa4-a137ee73d576
MUuS@uwaterloo.ca,095d49da-0b5d-444b-9912-a97ac262a0a8
GFlWfcinQKO@uwaterloo.ca,cf70e944-ab22-43af-9081-6b47f0e37e86
HjgF@uwaterloo.ca,f8cb1d6c-0d4f-46ec-969a-2e1d79f77731
DHMpGQjHz@uwaterloo.ca,57d43e90-83fb-4fb3-b727-679a689b9bdc
zKqycpSgv@uwaterloo.ca,d4931ff7-bb20-449f-b64b-a266e2675135
hk@uwaterloo.ca,3e9569f9-4f24-48f2-8be5-485741fee583
N@uwaterloo.ca,9a63cf3f-0f96-42d7-86a0-c66e0df9086a
nmYcT@uwaterloo.ca,5738abab-cf1b-4cd8-908a-ed4b0d070146
DoNFDJj@uwaterloo.ca,93f9f3c1-3e5e-45e5-bb3f-fb7d16bb9005
m@uwaterloo.ca,8d2c51aa-c577-488f-b5b0-86bde7912666
N@uwaterloo.ca,4fbb3bed-b20b-49a6-ad22-b3646f635732
