XpGIIh@uwaterloo.ca,xbkxT,0
dxgFsNBZhI@uwaterloo.ca,nNWSWoUQSetbLko,0
YtesyrSp@uwaterloo.ca,FbdYGHgrtvxLzq,0
r@uwaterloo.ca,JhC,0
FaenhywUIVjQ@uwaterloo.ca,PAuOYDwAWBpRgPm,0
dXIHY@uwaterloo.ca,JBRkdp,0
K@uwaterloo.ca,kgheylU,0
J@uwaterloo.ca,me,0
QLUonoSCbek@uwaterloo.ca,FdBUyxQwYyGNwd,0
FKSdtEO@uwaterloo.ca,W,0
NrChoPNnt@uwaterloo.ca,BxgznCn,0
ECGSDWuepErr@uwaterloo.ca,NcoCvyfeiAs,0
ewKkPnT@uwaterloo.ca,UvDl,0
AlCs@uwaterloo.ca,gJKvKNzYyulEzQm,0
GUjioWLr@uwaterloo.ca,HqHNzyNvhfmqtZg,0
LXUYXHcB@uwaterloo.ca,MqF,0
TxBdCrA@uwaterloo.ca,ga,0
HV@uwaterloo.ca,dEdxqoFGD,0
wHapEkpw@uwaterloo.ca,Ry,0
TLsiWPSriSaB@uwaterloo.ca,SVaZ,0
DKYaCSczrSnx@uwaterloo.ca,GWu,0
zVYDwSLAdFyw@uwaterloo.ca,K,0
hHjxTyByl@uwaterloo.ca,v,0
HXRe@uwaterloo.ca,nMCbkGdeFbaKJB,0
s@uwaterloo.ca,DTnWcly,0
z@uwaterloo.ca,vnQyMPO,0
oFymboewZ@uwaterloo.ca,ewP,0
HtTHptSAo@uwaterloo.ca,D,0
d@uwaterloo.ca,gQU,0
gDtW@uwaterloo.ca,Ektw,0
EH@uwaterloo.ca,oQGitiFSX,0
fgzrVnQzTlJX@uwaterloo.ca,nijfrSchqh,0
FiUmsL@uwaterloo.ca,neqbP,0
ufACCZORgrDu@uwaterloo.ca,WappWjjKLr,0
RxWcT@uwaterloo.ca,xpciKwvLmkRL,0
NhM@uwaterloo.ca,sZFdwflP,0
e@uwaterloo.ca,poDGvyqxijeWC,0
woNSsMSQ@uwaterloo.ca,VZ,0
jeXyBlJhqTqh@uwaterloo.ca,OlWlZFiMmSOLjUb,0
QYQcVHkVH@uwaterloo.ca,LUtK,0
BzH@uwaterloo.ca,POsXQektYkCDJ,0
ugRLoSo@uwaterloo.ca,JCqoL,0
tIH@uwaterloo.ca,ZQh,0
PMiZLzfpGvhK@uwaterloo.ca,SWoMbVx,0
OeWGOWgDc@uwaterloo.ca,UMYEFjdnBjpo,0
gGuTNCvNEn@uwaterloo.ca,hRwQ,0
ZWoTBky@uwaterloo.ca,aPYHJsOJ,0
ACpTzZqmSkn@uwaterloo.ca,DWouiYkEYjd,0
EDVuqBkaODQ@uwaterloo.ca,TiAmMQ,0
CdUobPOw@uwaterloo.ca,iLXszmhmctBOo,0
rYLQgKhlgFo@uwaterloo.ca,hFmDzFPqlbz,0
WYiBODF@uwaterloo.ca,hHlPo,0
Bumoxj@uwaterloo.ca,sDgduxxRgBiiPXK,0
kqUCpCZPHPK@uwaterloo.ca,duuNQgRdV,0
o@uwaterloo.ca,hWtDSWau,0
jUyBsDG@uwaterloo.ca,RpiQLGEHnmv,0
y@uwaterloo.ca,aPETVSuDboDZsJB,0
TkwInAkqIWU@uwaterloo.ca,ZhbMjvWH,0
l@uwaterloo.ca,pJfN,0
kCTF@uwaterloo.ca,WjbTixdNOHLD,0
KFqt@uwaterloo.ca,noGBIOq,0
OpZj@uwaterloo.ca,F,0
WeaqtMRy@uwaterloo.ca,LzOVgMAhJZdpi,0
Et@uwaterloo.ca,q,0
tyONLIUobdy@uwaterloo.ca,GMvmcdWZM,0
QpuwdOm@uwaterloo.ca,Fd,0
YEYleHzg@uwaterloo.ca,HZ,0
bdDflxVtuJ@uwaterloo.ca,ZbGXssQo,0
O@uwaterloo.ca,fLoHQnPtkiRmczt,0
AntFerXZCDI@uwaterloo.ca,XeiZKufvWsBlMg,0
F@uwaterloo.ca,HZoUYJLybVRPy,0
enZLYDQPYLyl@uwaterloo.ca,LAXQkUz,0
KwRwo@uwaterloo.ca,gTWUYnEotebA,0
PXGf@uwaterloo.ca,RRseZozpBzg,0
wibhgUTeIQlL@uwaterloo.ca,mP,0
FjFaHIrmTYh@uwaterloo.ca,OfzKGnUYMfSb,0
ySfiKL@uwaterloo.ca,GNrbzdx,0
gNYkJqXgtgD@uwaterloo.ca,fELuu,0
WrBRYpW@uwaterloo.ca,kVDGtwgNckNXQVT,0
UzXWyu@uwaterloo.ca,QFpJG,0
ou@uwaterloo.ca,Z,0
cQQMEnFhVIHH@uwaterloo.ca,oZEDqBRhyEU,0
QthK@uwaterloo.ca,fxCPfRX,0
Ruq@uwaterloo.ca,NDkPmFsTeDaWuXL,0
NGTcOwUWL@uwaterloo.ca,vZI,0
iVbcQ@uwaterloo.ca,DHoNlqQNilsCMy,0
dmGRhEfuIJ@uwaterloo.ca,xGcd,0
jYDyMwQ@uwaterloo.ca,yqwuOxtnisu,0
nJJH@uwaterloo.ca,vKuCPklNxccMO,0
rMuYnqizwdWs@uwaterloo.ca,BGCTIyPLGIlqt,0
yCG@uwaterloo.ca,PmQo,0
psklN@uwaterloo.ca,xGGqJGektAWk,0
QBQVrHJD@uwaterloo.ca,lQXsbANw,0
nvsEQOwaPdwT@uwaterloo.ca,y,0
o@uwaterloo.ca,UWS,0
IwvgxmkVbBXO@uwaterloo.ca,sKXxAHcT,0
hfPR@uwaterloo.ca,fa,0
Ye@uwaterloo.ca,dFrZHZSWPmAhr,0
CJGJhu@uwaterloo.ca,NYYTSkvAfzbNCT,0
dUItme@uwaterloo.ca,VMHwEdsDXy,0
rWthDml@uwaterloo.ca,wE,1
MUuS@uwaterloo.ca,I,1
eXZyQVKsF@uwaterloo.ca,LNnrZyCyZc,1
N@uwaterloo.ca,XTSm,1
rwfcj@uwaterloo.ca,qgfZqDzjEePFG,1
z@uwaterloo.ca,cymiRSqzKVthMsP,1
hOgDr@uwaterloo.ca,TOVvtfrINEFDd,1
sydIDuNKwuTx@uwaterloo.ca,XKOmvnfg,1
yTFsFRqAs@uwaterloo.ca,RRKDEs,1
BPtgAkdrH@uwaterloo.ca,JLm,1
Vk@uwaterloo.ca,olnWHIx,1
lnCguzMAq@uwaterloo.ca,gEHat,1
fivQbW@uwaterloo.ca,mukjTVJIs,1
m@uwaterloo.ca,dwSr,1
zieXJSaVa@uwaterloo.ca,cYPrPj,1
zKqycpSgv@uwaterloo.ca,QlA,1
nmYcT@uwaterloo.ca,xz,1
GYJW@uwaterloo.ca,scKrfSnfvVGREA,1
TSkAlXCYUdu@uwaterloo.ca,PIBTTzCksZjy,1
GFlWfcinQKO@uwaterloo.ca,Qecktb,1
VPC@uwaterloo.ca,dlgJt,1
HjgF@uwaterloo.ca,DrFvhwQavttnh,1
JnKQrTYmeTJn@uwaterloo.ca,HqLnS,1
TDS@uwaterloo.ca,VzSRdtjpBknzEiu,1
FBXXtHVD@uwaterloo.ca,xsIjjOODyAZm,1
g@uwaterloo.ca,PNQYJIFQLzR,1
COaUP@uwaterloo.ca,iTsTDDPmbKCThIO,1
fGDjQFAoYIM@uwaterloo.ca,rAVlfjQJuiQtu,1
QmUmFzLb@uwaterloo.ca,E,1
DoNFDJj@uwaterloo.ca,I,1
OYFWxVM@uwaterloo.ca,CLWH,1
UYtmL@uwaterloo.ca,cHMQPPDQLsTWwb,1
DxXARcsngw@uwaterloo.ca,XZkmBMBTzWRoAcf,1
hk@uwaterloo.ca,tobjKRFPLKr,1
j@uwaterloo.ca,sYxUH,1
o@uwaterloo.ca,yTqCT,1
jcSqCAMCTqP@uwaterloo.ca,YsS,1
uhSYCSehABOy@uwaterloo.ca,q,1
F@uwaterloo.ca,UrDqiJ,1
QEq@uwaterloo.ca,LnTlCTwL,1
WYRt@uwaterloo.ca,KGmBHumOzlXmTq,1
ZMWwOzywzjT@uwaterloo.ca,oLfuchhGKaYuF,1
lnFWYfF@uwaterloo.ca,yGMA,1
UAqusRyeHjY@uwaterloo.ca,pscrSVitzQ,1
hQRQSdRvavoP@uwaterloo.ca,I,1
ey@uwaterloo.ca,xpdDwFG,1
wbSmiumgifG@uwaterloo.ca,DQslSRlEaD,1
DHMpGQjHz@uwaterloo.ca,RlxrnpxgLXlPwBW,1
MBW@uwaterloo.ca,PvwZznqJyIwF,1
i@uwaterloo.ca,PwVFXuqncjt,1
